"","Estimate","Est.Error","Q2.5","Q5","Q10","Q90","Q95","Q97.5"
"b_slp:era1989M2013",-0.869353189076896,0.671371425349765,-2.21723203087233,-1.9572294502086,-1.71061904443518,-0.0449652964989831,0.204782681690422,0.458978892186188
"b_slp:era1989M20131",-0.921760350815662,0.559482639677016,-2.06544058682847,-1.83153787217543,-1.63173107957374,-0.203113912375615,0.023133408166373,0.207597077867418
"b_slp:era1989M20132",-0.808024922939405,0.543571730722558,-1.85767297998898,-1.65147808730631,-1.47969651293576,-0.0946829165756669,0.105119954116138,0.269278988864964
"b_slp:era1989M20133",-0.645654938969215,0.545192309614367,-1.71105568907506,-1.57139558948128,-1.34751220244121,0.0656875277298251,0.242928953512698,0.398671623274701
"b_slp:era1989M20134",-0.382157739563802,0.529309055702642,-1.43591299733709,-1.24475494248874,-1.05024850470839,0.311371667406273,0.479599286282595,0.644990226592794
"b_slp:era1989M20135",-0.221265210784248,0.534364170260421,-1.2536106354409,-1.10641303488201,-0.88419276157849,0.457233094672945,0.660553561142381,0.853607230421362
"b_slp:era1989M20136",0.00485230728336504,0.573626764818755,-1.08640141246664,-0.899570141106786,-0.717622813003373,0.722330629292909,0.972203030140234,1.16763686933394
"b_slp:era1989M20137",0.299608827376409,0.546440233603739,-0.742875011638199,-0.597487385188187,-0.387645447301865,0.996177100743413,1.17862696831707,1.34507705098535
"b_slp:era1989M20138",0.493093716020259,0.479029474198152,-0.440228498093765,-0.299045376076094,-0.104095438350699,1.11500977637956,1.29364028328954,1.4373621092751
"b_slp:era1989M20139",0.442987705128024,0.437774619000469,-0.401971704413079,-0.252216513432369,-0.108804730300201,1.01570111743176,1.20271492710002,1.30232208425465
"b_slp:era1989M201310",0.292243866273136,0.425426156724653,-0.535005401056044,-0.402875918042932,-0.248073371334196,0.818062172323245,0.997138493245555,1.11112271504864
"b_slp:era1989M201311",0.196560037447645,0.419345629066055,-0.632459653088378,-0.483164068801945,-0.313038205838365,0.74791743997404,0.904597590627286,1.04978399878958
"b_slp:era1989M201312",0.130954501335289,0.401304882421894,-0.68342705293178,-0.555097169084916,-0.365580663378576,0.636211708266741,0.809567558012726,0.923878085125217
"b_slp:era1989M201313",0.0957099120017449,0.389659193589088,-0.650481437408974,-0.54700722373857,-0.412384200136488,0.58320114176742,0.7415555652627,0.867515203248506
"b_slp:era1989M201314",0.0577973377698258,0.399384519886165,-0.745854583977459,-0.597260083279139,-0.452572264239403,0.572862894142491,0.703489646470789,0.816869881512172
"b_slp:era1989M201315",0.199260625662813,0.418941283168068,-0.66736947355253,-0.507810979570747,-0.336459452480037,0.74554892433357,0.87175152230755,0.984623822531046
"b_slp:era1989M201316",0.318008791574776,0.450543321009376,-0.578519710060371,-0.41891060205134,-0.261335070730391,0.897222793031589,1.04816387726807,1.18914957217293
"b_slp:era1989M201317",0.226584574184855,0.464084990064473,-0.658454134264824,-0.504755811004715,-0.357436124212434,0.81243289755556,0.978159286176186,1.12664463249535
"b_slp:era1989M201318",0.0563345978358271,0.48859195018156,-0.902879556758291,-0.747232509442505,-0.564933162669361,0.703476601553307,0.858438468096034,1.02806435687818
"b_slp:era1989M201319",-0.095855413343305,0.484060441183105,-1.05992941462038,-0.875941266646176,-0.729308542591074,0.527544193418039,0.715203084744257,0.849597500043372
"b_slp:era1989M201320",-0.258837390524918,0.472767962697776,-1.14425843115891,-1.0169120011465,-0.8464706760652,0.355785076422957,0.51517779995059,0.674327989741121
"b_slp:era1989M201321",-0.900183595042001,0.646124502326854,-2.22215270021162,-1.96715905883346,-1.71608656742736,-0.0690617079255509,0.142006569386997,0.355093666230601
"b_slp:era1989M201322",-0.900275645747847,0.614945749892005,-2.09981005420667,-1.90285698517871,-1.69084062538707,-0.111662317093623,0.0817297345590537,0.266234064866353
"b_slp:era1989M201323",-0.865108180581094,0.576605494367605,-2.00110429375066,-1.81335066448433,-1.59733195404234,-0.125293109842714,0.113009295701758,0.309683904039061
"b_slp:era1989M201324",-0.68211941836234,0.572996041651481,-1.85082855707426,-1.61167207037379,-1.39607583168468,0.032784045282382,0.241836349553488,0.427687023669793
"b_slp:era1989M201325",-0.440849580794724,0.557837061865622,-1.59117750469665,-1.3718974164304,-1.16083913052895,0.250224745911863,0.4411358901711,0.649473084692591
"b_slp:era1989M201326",-0.209038721723424,0.580389186992311,-1.35001619117328,-1.16623481643734,-0.929450073115044,0.526419005703506,0.732100241267265,0.914894223888782
"b_slp:era1989M201327",0.0518720885151992,0.633265096460722,-1.22848153974804,-0.98880898951442,-0.769658864714887,0.879503616091319,1.08107966757314,1.26256649498993
"b_slp:era1989M201328",0.391748444818724,0.557527321361978,-0.698248621750941,-0.549664775706684,-0.327522060078488,1.08574306934515,1.30588051514551,1.46819787651461
"b_slp:era1989M201329",0.523145316029438,0.493606822320408,-0.449369926116113,-0.308141008524004,-0.127504231991383,1.12821109084335,1.29335760016194,1.5101361834893
"b_slp:era1989M201330",0.491354791147496,0.473695666314262,-0.419091157801174,-0.319646608695061,-0.120793777354653,1.08625311837906,1.26300786800911,1.43004326370645
"b_slp:era1989M201331",0.34338265941893,0.410289229871639,-0.456941216904507,-0.319979332607781,-0.193845996445462,0.859934280054482,0.999627121145578,1.13915837429566
"b_slp:era1989M201332",0.233743509573371,0.412025203369493,-0.578081186137208,-0.453424699768123,-0.276477232691386,0.74803209799562,0.905759203418928,1.02166049367914
"b_slp:era1989M201333",0.116091902583245,0.411299317876699,-0.673931821208449,-0.570883704351303,-0.410484241241085,0.649337551541165,0.806307602435209,0.949675524470993
"b_slp:era1989M201334",0.0768407173189089,0.385536812626721,-0.693873060447436,-0.563764786054059,-0.428946219599662,0.570510384872376,0.700237704624698,0.818205643554794
"b_slp:era1989M201335",0.01204436371828,0.380658601887605,-0.73629282807615,-0.600792208801452,-0.482222969242359,0.490497385033676,0.640484223203432,0.764180233559903
"b_slp:era1989M201336",0.179708547787931,0.421047090160156,-0.673273979392851,-0.517563354147508,-0.386314238935304,0.705093113192418,0.866104146560387,1.00518757767128
"b_slp:era1989M201337",0.318406079589468,0.456809423872265,-0.599157881086,-0.441631180463855,-0.272624384696065,0.88517638054044,1.04766167658235,1.18767060773971
"b_slp:era1989M201338",0.201790809100398,0.481176072989617,-0.74816641411921,-0.592653082364726,-0.417029255155937,0.807548632982577,0.994240091759718,1.14364311711929
"b_slp:era1989M201339",0.0649224861879249,0.480817181558996,-0.863886993618154,-0.701274696188172,-0.538025987264711,0.688993917920373,0.876278603622861,1.00223308250965
"b_slp:era1989M201340",-0.124913274733355,0.45319793817838,-1.02556219825084,-0.857334122964287,-0.699334044956337,0.461973593763372,0.612918223095435,0.763634339359977
"b_slp:era1989M201341",-0.258837390524918,0.472767962697776,-1.14425843115891,-1.0169120011465,-0.8464706760652,0.355785076422957,0.51517779995059,0.674327989741121
"b_slp:era1989M201342",-0.910796923958129,0.666837411640039,-2.21100499328065,-2.02701968053168,-1.7644066638254,-0.0494941260523305,0.184228990460713,0.420852302754474
"b_slp:era1989M201343",-0.825188753337383,0.635451092506762,-2.12793118771666,-1.83992340905453,-1.62123204208283,-0.0161195814330554,0.218952317889248,0.385047623751697
"b_slp:era1989M201344",-0.826746074665644,0.621769237371476,-2.02082571663118,-1.81667782136276,-1.61212104240748,-0.0881514257249737,0.178115223804599,0.385670935289872
"b_slp:era1989M201345",-0.717512167245695,0.588970502066064,-1.84036806792627,-1.69139812045243,-1.48369187891621,0.0299122875801556,0.254198793405921,0.425558197293118
"b_slp:era1989M201346",-0.475126444437802,0.599493627786714,-1.67520000683124,-1.43985531396124,-1.24687279669267,0.280802555395001,0.499611050163811,0.682263207359808
"b_slp:era1989M201347",-0.246058372161771,0.616775326609816,-1.39238785111646,-1.23505520270708,-1.04499934423996,0.571553839215769,0.779201503357745,0.993527705907928
"b_slp:era1989M201348",0.101999034194098,0.606226898707369,-1.12401967899566,-0.931454860747035,-0.668549454887188,0.902681295512287,1.0848337325066,1.3171517341888
"b_slp:era1989M201349",0.433902428691217,0.556545028640658,-0.653076458527117,-0.472218300274227,-0.276686564421337,1.1570774423431,1.40068390057694,1.55115483897598
"b_slp:era1989M201350",0.508312849938406,0.496965202335221,-0.474588098048396,-0.302867509843935,-0.126624474513495,1.14091704099248,1.31124942325011,1.48693002056828
"b_slp:era1989M201351",0.501408009575836,0.451110146063123,-0.381577391855599,-0.242864464669629,-0.0753348509931333,1.08808374883593,1.24239557400141,1.36909604157127
"b_slp:era1989M201352",0.360544812232961,0.442280683348081,-0.559123597670016,-0.378486485601479,-0.206445699114916,0.913492337815906,1.08980935594799,1.22203487485754
"b_slp:era1989M201353",0.237833665566517,0.398021700190047,-0.540530836964487,-0.403650850425711,-0.263681605353734,0.741023970509556,0.879347246034984,1.0269167763773
"b_slp:era1989M201354",0.147900434363858,0.402385364180703,-0.655909187629672,-0.509609474040536,-0.369247590827549,0.655828576842001,0.821210201765648,0.957319705238514
"b_slp:era1989M201355",0.0932723685521547,0.375214403275967,-0.598258245157397,-0.528124343781186,-0.398885495193926,0.570150686173486,0.690659613497637,0.821241509079748
"b_slp:era1989M201356",0.00216846824092764,0.402596327764159,-0.789405971563136,-0.650369886006949,-0.517722719958168,0.510325582662804,0.673940427305133,0.799088385205537
"b_slp:era1989M201357",0.14743114370088,0.411223853965413,-0.658770393768966,-0.537807594342394,-0.381150590605862,0.659037923090893,0.795564980778254,0.96082534917175
"b_slp:era1989M201358",0.336801921304702,0.432712970871478,-0.507672809704687,-0.378586028556585,-0.231537913969829,0.88607783345744,1.03445096658025,1.14437492789311
"b_slp:era1989M201359",0.217868806577205,0.467075341538522,-0.733453190596315,-0.536080486391936,-0.38201128122512,0.814085954160646,1.00420119846592,1.13850441116729
"b_slp:era1989M201360",0.067658505059602,0.452670343844177,-0.810611173612304,-0.663869145333027,-0.50379733663187,0.666038555406293,0.829535163012517,0.946951422913958
"b_slp:era1989M201361",-0.106640250692229,0.46285029323889,-1.03315120229502,-0.875255747638655,-0.707908975270931,0.480767183856828,0.64443386547438,0.76589488683877
"b_slp:era1989M201362",-0.258837390524918,0.472767962697776,-1.14425843115891,-1.0169120011465,-0.8464706760652,0.355785076422957,0.51517779995059,0.674327989741121
"b_slp:era1989M201363",-0.874318508743431,0.701234299022285,-2.27780086847588,-2.06440744288747,-1.78172832381294,0.0227264543135809,0.259592323059028,0.462754357348316
"b_slp:era1989M201364",-0.700471367548111,0.67871361667478,-2.03188414374795,-1.832277880081,-1.56512499476461,0.14677679755007,0.361746812966989,0.594043650168239
"b_slp:era1989M201365",-0.722306900201955,0.632001232526177,-1.96494462329946,-1.7639226601213,-1.52482305136893,0.0875645432207651,0.371219652576642,0.561790399720823
"b_slp:era1989M201366",-0.732841655823587,0.6121825055862,-1.93847663670843,-1.73878053504289,-1.51576659765782,0.0409988697315927,0.269429444200656,0.439346518857395
"b_slp:era1989M201367",-0.510036499227356,0.636063235365136,-1.7550375245765,-1.53503090214762,-1.31450603083397,0.297622983315511,0.535146548854162,0.721864515424114
"b_slp:era1989M201368",-0.24811555791589,0.658874777908386,-1.51633474574742,-1.34811752656032,-1.10566033179959,0.58310136482231,0.816277829150781,0.99161182828725
"b_slp:era1989M201369",0.200296484976104,0.611792333951282,-1.0075566378955,-0.795206183733185,-0.587410852695938,0.978418932625131,1.19377474077186,1.41792760354351
"b_slp:era1989M201370",0.475448794532083,0.572659780007417,-0.633308092379185,-0.484303171550282,-0.280243650820777,1.21011148141697,1.37942480902678,1.55772628722084
"b_slp:era1989M201371",0.470658835744424,0.495542083554695,-0.521193907273558,-0.360221775761211,-0.134676364944163,1.1305587395565,1.31213399391005,1.49555470183442
"b_slp:era1989M201372",0.514448918350096,0.481724674294792,-0.433673731938395,-0.246370236177234,-0.0970204135278638,1.15972693416321,1.34651963783297,1.48364094072937
"b_slp:era1989M201373",0.409137506242888,0.429970543402674,-0.4327347298989,-0.288138431433615,-0.153768918779965,0.94138636395687,1.10718963932253,1.24054231220725
"b_slp:era1989M201374",0.258804361048058,0.398006609713021,-0.548641897578646,-0.407717899820815,-0.268948500142961,0.763664413558176,0.909171701676807,1.04290368386119
"b_slp:era1989M201375",0.192084822878158,0.408548555907253,-0.555151264763351,-0.456179003013385,-0.320647237017423,0.718559136484865,0.866618883513518,1.03597164733598
"b_slp:era1989M201376",0.0937076850927014,0.381638758180748,-0.70515473982904,-0.542920775138392,-0.384815518976726,0.557796196852548,0.690327467811508,0.80634902666708
"b_slp:era1989M201377",-0.00927506238198709,0.381240160539293,-0.78326822350715,-0.634815327715068,-0.478097008401376,0.445293398278553,0.604781647930831,0.766328404574934
"b_slp:era1989M201378",0.140660081163513,0.413632006792707,-0.655750486015478,-0.527250361835018,-0.371185758884074,0.678370430658462,0.808270701751233,0.95551409843511
"b_slp:era1989M201379",0.332791664985671,0.439175192778422,-0.541138131123904,-0.404314474935943,-0.217035008540889,0.889702845614352,1.07549927428503,1.2063571708844
"b_slp:era1989M201380",0.190306907337277,0.438384718750914,-0.652279766199021,-0.510126234776036,-0.343959450006238,0.751222551952353,0.899419873756824,1.06819662480215
"b_slp:era1989M201381",0.0470199598310922,0.472380793235419,-0.871663419253769,-0.739541092994257,-0.562402038541085,0.63526408277183,0.827134559612987,0.985285873781044
"b_slp:era1989M201382",-0.119382127659881,0.490378209325232,-1.10727635094268,-0.932448167559056,-0.75751362593577,0.525224560070018,0.685914621834716,0.79511367799138
"b_slp:era1989M201383",-0.258837390524918,0.472767962697776,-1.14425843115891,-1.0169120011465,-0.8464706760652,0.355785076422957,0.51517779995059,0.674327989741121
"b_slp:era1989M201384",-0.808369984656044,0.725706411942826,-2.26126870544476,-2.02070589553787,-1.73450559407689,0.136514924767119,0.404284507031434,0.61795816683061
"b_slp:era1989M201385",-0.580321470119391,0.702242383341057,-1.95713918560579,-1.70509904760026,-1.4652193761691,0.34607460213678,0.579026686284537,0.784984349544306
"b_slp:era1989M201386",-0.670580489096814,0.654210142152135,-2.01412823338937,-1.78914697728017,-1.50451734426606,0.131227861023406,0.365146278123797,0.60331811127984
"b_slp:era1989M201387",-0.698012527439613,0.61278495779712,-1.87225523871344,-1.71385410739948,-1.49770289074692,0.0657037234225342,0.283798207465144,0.467747223492407
"b_slp:era1989M201388",-0.389479491233093,0.686072259545183,-1.73274499938461,-1.49557912454475,-1.26956980941563,0.509509538716192,0.748002059092242,0.942217265585329
"b_slp:era1989M201389",-0.13452786317977,0.695982608812175,-1.55575036332025,-1.27975648820474,-1.00904801147056,0.761338677168213,1.02137686664962,1.25659646958632
"b_slp:era1989M201390",0.367896587842847,0.641373009437354,-0.890575903002519,-0.670742832626385,-0.439402971183845,1.18757736923306,1.44544386070057,1.65009505837851
"b_slp:era1989M201391",0.54241710809203,0.587678502512555,-0.613255862613263,-0.448402637196785,-0.190700671341441,1.29313720478025,1.49928610712519,1.67730562820618
"b_slp:era1989M201392",0.465913356493597,0.476097227964908,-0.428833506163121,-0.289320688002258,-0.143797245792066,1.09470366310115,1.27581743307974,1.42805621833543
"b_slp:era1989M201393",0.487389979271071,0.45447828122023,-0.432357888705139,-0.281167847423565,-0.0667168310799631,1.05897288732119,1.22972950075623,1.38666301328571
"b_slp:era1989M201394",0.381446135981341,0.432086712482977,-0.429037022913242,-0.317468197147946,-0.183990428721203,0.925754731085332,1.08966425989238,1.26026932375471
"b_slp:era1989M201395",0.298538183414169,0.406886105757688,-0.45310531338812,-0.345673837011831,-0.193737690137456,0.823724612517131,0.978880404705028,1.12755367235623
"b_slp:era1989M201396",0.202904308261552,0.387646322149334,-0.523992789616409,-0.39981814770471,-0.276753143308995,0.708353969702008,0.852030796446362,1.00478953193297
"b_slp:era1989M201397",0.11060051133421,0.383683736414329,-0.642431568418134,-0.533338142247198,-0.381468358823403,0.613663437763309,0.76064660169421,0.862061837849229
"b_slp:era1989M201398",-0.00043325169794588,0.402473559371843,-0.804602622733383,-0.658904793074711,-0.508127946281826,0.502024078937291,0.662063666400188,0.78665490906592
"b_slp:era1989M201399",0.0741909664774253,0.385451599086392,-0.740858226533057,-0.57993735196088,-0.409676240475896,0.563369027800926,0.723067004581096,0.831732684520579
"b_slp:era1989M2013100",0.300167273883881,0.439025943376153,-0.57228915798699,-0.427879878411712,-0.250651008102897,0.876966322404274,1.03906852961407,1.16263854203976
"b_slp:era1989M2013101",0.183378472814722,0.461680927056923,-0.695098320740888,-0.553040004002721,-0.406550471971843,0.774318985232484,0.939114979268377,1.07795704104546
"b_slp:era1989M2013102",0.041481541704453,0.466238504385028,-0.900110290238904,-0.740138727800541,-0.573151346370634,0.646359821058665,0.814153456862399,0.917083044157835
"b_slp:era1989M2013103",-0.13068016343066,0.479292476485419,-1.07110470361536,-0.942461986112353,-0.744363743838941,0.461306817870493,0.646583992586834,0.793922800149313
"b_slp:era1989M2013104",-0.258837390524918,0.472767962697776,-1.14425843115891,-1.0169120011465,-0.8464706760652,0.355785076422957,0.51517779995059,0.674327989741121
"b_slp:era1989M2013105",-0.744138745070484,0.733383987903283,-2.1908118639232,-1.92179502482714,-1.65250491868901,0.216171471338614,0.426971756162177,0.680097936556964
"b_slp:era1989M2013106",-0.539395375785155,0.71966332226535,-2.00925008206516,-1.7723976412462,-1.45992734118397,0.341717208357968,0.606404603319945,0.849524539820516
"b_slp:era1989M2013107",-0.619350679399219,0.662458866508366,-1.89963646059134,-1.69265908355607,-1.47667233672015,0.231756514342645,0.467867126378783,0.710707068900251
"b_slp:era1989M2013108",-0.697736334007184,0.648860146200477,-2.01355233099959,-1.78826541773112,-1.52114977743216,0.115867478843491,0.343825601630096,0.594357438322182
"b_slp:era1989M2013109",-0.301801613466627,0.687549401554123,-1.62833860376716,-1.40886228933677,-1.16812572998379,0.570531020974516,0.817111335073923,1.08841681687931
"b_slp:era1989M2013110",0.0424401356685821,0.741580488134138,-1.43377566276231,-1.13682153554394,-0.875544934916326,1.00425907326447,1.3000260325755,1.52987140144279
"b_slp:era1989M2013111",0.550337670994959,0.67033145360338,-0.758585815705208,-0.554218481146539,-0.299633503212227,1.42221101669242,1.64986549617277,1.8145723094883
"b_slp:era1989M2013112",0.608804215403198,0.605876305299187,-0.575649379019969,-0.375888707851988,-0.169939431193714,1.38330387426499,1.65796042445336,1.83306486801647
"b_slp:era1989M2013113",0.447831809988688,0.487027956751736,-0.524801725826363,-0.36681650764889,-0.178469827237044,1.07444342518708,1.27782391983377,1.43702525008933
"b_slp:era1989M2013114",0.426533689089925,0.441430953605592,-0.417427441469918,-0.28636699814719,-0.13430617424136,0.999917361074113,1.15332249555222,1.25879809741909
"b_slp:era1989M2013115",0.345313971972024,0.439556105490265,-0.527540615780978,-0.423397065356968,-0.239576220348449,0.913568544280569,1.03986431506299,1.18341635185611
"b_slp:era1989M2013116",0.281794117992323,0.409143978713491,-0.520308755359864,-0.361230907013969,-0.21445905667628,0.803595698919228,0.980977427165347,1.09339407754827
"b_slp:era1989M2013117",0.206955265456877,0.398739448622235,-0.569643314653364,-0.423035997727289,-0.288596167116075,0.696780205271844,0.840314938739319,0.953579254060517
"b_slp:era1989M2013118",0.101999831401508,0.386671854237121,-0.658119795910651,-0.531523244071226,-0.39981219255037,0.582116871439405,0.715795373359147,0.819477604449861
"b_slp:era1989M2013119",0.0207202812213755,0.389177608258016,-0.716588978432505,-0.597133161551316,-0.470195977295415,0.505460277040987,0.667045182610107,0.80010587540479
"b_slp:era1989M2013120",0.0514202337565177,0.404681753156497,-0.769700139883536,-0.597460294758597,-0.433992029986029,0.57081724895987,0.706305619537657,0.812817356168073
"b_slp:era1989M2013121",0.296539791459411,0.454730637571871,-0.560033313360128,-0.419087773197245,-0.255194062894737,0.897541723245385,1.06481464265252,1.2482031418842
"b_slp:era1989M2013122",0.147249654429837,0.452680038076602,-0.730053345292276,-0.58397620223937,-0.433113683625395,0.723004031743603,0.903913600389236,1.0709137663972
"b_slp:era1989M2013123",0.0337248157450891,0.467475898382067,-0.871382809887991,-0.713024954739823,-0.546962885144496,0.632446856267646,0.810936477068386,0.970263271659726
"b_slp:era1989M2013124",-0.0927268860806023,0.479110076177259,-0.995951398138969,-0.874172742239565,-0.712340132998985,0.501530086576551,0.676917928766494,0.814536551129203
"b_slp:era1989M2013125",-0.258837390524918,0.472767962697776,-1.14425843115891,-1.0169120011465,-0.8464706760652,0.355785076422957,0.51517779995059,0.674327989741121
"b_slp:era1989M2013126",-0.657566896087666,0.772697746550793,-2.19321144355239,-1.98981061260244,-1.63525498756226,0.326830999900246,0.646476298362395,0.868296617109274
"b_slp:era1989M2013127",-0.46919091304749,0.735676428793975,-1.8796319696873,-1.68226922502766,-1.39484056983373,0.446914563737671,0.724419816184963,1.03379364461294
"b_slp:era1989M2013128",-0.609695909112707,0.690849734361376,-1.94071170002745,-1.71750457980853,-1.48904015302886,0.274840796875845,0.504022434568132,0.75976958690107
"b_slp:era1989M2013129",-0.632365039522652,0.68372135900941,-1.98246185450524,-1.7514219405522,-1.52857640085472,0.244379325313746,0.505315732848629,0.688418600996016
"b_slp:era1989M2013130",-0.211516657648816,0.743492128740199,-1.70657009065114,-1.45286411843166,-1.18101678390895,0.72120992253927,0.96411054810527,1.23382391809475
"b_slp:era1989M2013131",0.202783573132367,0.75458736536129,-1.28809313675606,-1.0347235581698,-0.757698711264293,1.16227160081099,1.43627444700754,1.69140949004219
"b_slp:era1989M2013132",0.654076670392082,0.694653129053114,-0.768477697233262,-0.493287436600213,-0.211047167313112,1.52423222363509,1.78733405283161,2.00653070319954
"b_slp:era1989M2013133",0.654235949264008,0.586496170224884,-0.507229519609338,-0.363435320668056,-0.0835033368504782,1.40147481607845,1.62440474611828,1.83756252642261
"b_slp:era1989M2013134",0.480865357345347,0.523885443153175,-0.572114454399796,-0.3779838582246,-0.198249376594213,1.13944501796349,1.33648465358057,1.49531530962345
"b_slp:era1989M2013135",0.409208898872891,0.450691044659036,-0.446116854587377,-0.314968744566295,-0.160616426050304,0.997577971242012,1.15976602505688,1.29165797511312
"b_slp:era1989M2013136",0.306761310291412,0.430451670066665,-0.565598513807977,-0.399712818117366,-0.238226712345519,0.87067841510727,1.00560771442459,1.10853184809186
"b_slp:era1989M2013137",0.272822012265721,0.388612103460525,-0.496334206757672,-0.368806823960829,-0.230209069712895,0.76234180224455,0.900243612310181,1.04230175908654
"b_slp:era1989M2013138",0.213822306963385,0.382439022858735,-0.53458643773465,-0.416047980031248,-0.271585885038149,0.712687564608189,0.826239650334782,0.951792569496171
"b_slp:era1989M2013139",0.0924459900624667,0.38189492556629,-0.633586466226319,-0.512139893747029,-0.382817362399645,0.568769696914179,0.718596446716937,0.835794435823639
"b_slp:era1989M2013140",-0.0170063302666263,0.396130641063809,-0.819718094224369,-0.681584813326165,-0.521232355897845,0.486769864764331,0.628096160616961,0.730239633823973
"b_slp:era1989M2013141",0.0417957055648354,0.404489922778543,-0.748975103148195,-0.633476961925691,-0.478782562745958,0.546706106095402,0.709671495252376,0.865025135641999
"b_slp:era1989M2013142",0.269597956777796,0.440386113745583,-0.642469620711554,-0.426392910780766,-0.275498722507606,0.810692639504548,0.97781145580236,1.19001038289586
"b_slp:era1989M2013143",0.136684475158492,0.459693154673057,-0.765844020465017,-0.631676647740536,-0.433991820800304,0.725751132078293,0.864979276906987,1.05534943342899
"b_slp:era1989M2013144",-0.0107610273664153,0.454442031032967,-0.867692343603372,-0.736608255270623,-0.588306708588101,0.562964261145258,0.764903829441689,0.888302290061129
"b_slp:era1989M2013145",-0.121599150316645,0.467080437084229,-1.02623238230684,-0.872835948296023,-0.716974868007203,0.456187284694569,0.640862914591766,0.772648989156641
"b_slp:era1989M2013146",-0.258837390524918,0.472767962697776,-1.14425843115891,-1.0169120011465,-0.8464706760652,0.355785076422957,0.51517779995059,0.674327989741121
"b_slp:era1989M2013147",-0.495957432449234,0.778482208835146,-2.10372481076345,-1.74183790274462,-1.48254172767641,0.516613708872028,0.839587988592218,1.08280800576564
"b_slp:era1989M2013148",-0.47281460334287,0.734852400203125,-1.90135933832059,-1.66295663829421,-1.39557007474147,0.502472056358072,0.722492941272424,0.905158209225496
"b_slp:era1989M2013149",-0.565743553555363,0.710690863546882,-1.92611599005999,-1.74069072333318,-1.49785358936564,0.32837792134711,0.580636578692592,0.796474058260587
"b_slp:era1989M2013150",-0.518735511413339,0.721320016970212,-1.9293566289901,-1.70632912984405,-1.42621652017165,0.420486668631431,0.691444322757637,0.858745788081549
"b_slp:era1989M2013151",-0.138786857942606,0.726648663509379,-1.50756014374339,-1.31815333601427,-1.07128675419793,0.793304504169052,1.0585492416613,1.27431528392615
"b_slp:era1989M2013152",0.368521054485674,0.780243551916131,-1.24581018888122,-0.925690837522823,-0.628136611451516,1.32049133416765,1.60804038498464,1.86599058491083
"b_slp:era1989M2013153",0.824665511508599,0.709250104861744,-0.533259645249283,-0.342203008275693,-0.0739797318846789,1.70685890924495,1.98094889637298,2.21545540247416
"b_slp:era1989M2013154",0.70314113137267,0.597350984128365,-0.568574590572357,-0.28527125786156,-0.0679656638770707,1.4741149785932,1.63382214691958,1.81816858399488
"b_slp:era1989M2013155",0.559209971397335,0.521547590030996,-0.525610023484083,-0.316684308462948,-0.0867356985101754,1.21243656201956,1.4056545486414,1.53123629811183
"b_slp:era1989M2013156",0.430168083740478,0.46597733309202,-0.47039268475226,-0.347874721307853,-0.165301224635531,1.03493454457699,1.21389228940777,1.34119273358687
"b_slp:era1989M2013157",0.278414937603668,0.426855631502622,-0.569121878911966,-0.423990252638899,-0.252968904442449,0.838409803626378,0.999701035520203,1.10581933785694
"b_slp:era1989M2013158",0.299527308586088,0.4087377613979,-0.518057136264429,-0.354778408095395,-0.229257314905026,0.836882876950766,0.953020168811767,1.07724346136538
"b_slp:era1989M2013159",0.193462472259061,0.38790223543144,-0.562548114289536,-0.444841861367145,-0.316810693548409,0.66497175094147,0.804898295159443,0.938858724416506
"b_slp:era1989M2013160",0.110676616644955,0.369210280156365,-0.621904354959441,-0.489737328203416,-0.357208701269157,0.596181896330764,0.719113517054739,0.836615185709947
"b_slp:era1989M2013161",-0.0247415441879489,0.384751500174213,-0.794310389541593,-0.663263946658688,-0.514432716921698,0.45847500534525,0.582604643369288,0.734499992073438
"b_slp:era1989M2013162",0.0250063951027118,0.416917563192488,-0.770268190689162,-0.645631947275876,-0.50396457733457,0.574787963830126,0.720084648924633,0.826747681355277
"b_slp:era1989M2013163",0.184250299430358,0.445048809467675,-0.688669053191412,-0.529561708430721,-0.362697119339982,0.759251747984133,0.928018560103557,1.0998690876148
"b_slp:era1989M2013164",0.108289803367093,0.447243843888054,-0.784248963732347,-0.661825818092641,-0.48932675256331,0.694623805691539,0.830468800811559,0.962968027760301
"b_slp:era1989M2013165",-0.00713691263957325,0.448525613500846,-0.868299870254666,-0.741360469751263,-0.577381003417044,0.546443550053739,0.73320349365614,0.883811207902937
"b_slp:era1989M2013166",-0.102454299131267,0.475438384537958,-1.04591273821529,-0.865296863331024,-0.708375492433875,0.500391831783561,0.661207828879279,0.796687500338012
"b_slp:era1989M2013167",-0.258837390524918,0.472767962697776,-1.14425843115891,-1.0169120011465,-0.8464706760652,0.355785076422957,0.51517779995059,0.674327989741121
"b_slp:era1989M2013168",-0.383680109406822,0.854679209045606,-2.10849999675054,-1.78948860197512,-1.47996403729945,0.719379493889706,1.00859371291561,1.29113222503166
"b_slp:era1989M2013169",-0.387071435433761,0.774911703572203,-1.87081622903698,-1.67239659738765,-1.41665039747256,0.586344419355011,0.842041095616893,1.13054263649967
"b_slp:era1989M2013170",-0.429909590709537,0.697989973513136,-1.74017551868916,-1.54524251562098,-1.319452306215,0.485499063995233,0.741683483126376,1.02169259469383
"b_slp:era1989M2013171",-0.387650300809924,0.722420228201267,-1.80893663657822,-1.59438541212491,-1.30814432063179,0.548268785145762,0.802307673979937,0.981513752948951
"b_slp:era1989M2013172",-0.120027098522967,0.770546408651666,-1.66111199327126,-1.36724579710689,-1.09275693771614,0.822982060360357,1.13347401901456,1.41014805946491
"b_slp:era1989M2013173",0.420078863839296,0.782777206220456,-1.17582413353265,-0.880785408607097,-0.554083454068644,1.39353132741978,1.69583422617448,1.94581836630477
"b_slp:era1989M2013174",0.910484038421786,0.745177175111891,-0.582922709465673,-0.338339931992515,-0.0579875698284381,1.85416513187535,2.07619573049364,2.35678190520298
"b_slp:era1989M2013175",0.730091313603462,0.600921790934494,-0.466341822127241,-0.284752668197121,-0.048299524328946,1.46583651414769,1.69177484755404,1.89443277377885
"b_slp:era1989M2013176",0.557930472613489,0.500850100011466,-0.392246064073269,-0.26493029896691,-0.0702376087145911,1.21252264790582,1.38299228763345,1.52192619342074
"b_slp:era1989M2013177",0.435723235994846,0.466728809253909,-0.458621016646495,-0.338277014804497,-0.157596002929485,1.04908218669289,1.2073935356678,1.34448155304384
"b_slp:era1989M2013178",0.303207896789396,0.429616161908307,-0.563220900440095,-0.430686578449521,-0.2563933982243,0.835025732116509,0.988621459476437,1.16596077926381
"b_slp:era1989M2013179",0.26441871138269,0.376747987826437,-0.458064613894928,-0.356073988130548,-0.201307411006559,0.758530970665936,0.89695000079084,1.02224931535646
"b_slp:era1989M2013180",0.183618574092532,0.396743689025552,-0.611164531520292,-0.460681756450796,-0.315569703608336,0.683132717204161,0.826059810301862,0.943628759542524
"b_slp:era1989M2013181",0.0956687521082829,0.390561551380218,-0.680101455354239,-0.569756647250062,-0.401264107156885,0.600242920243146,0.738950190834357,0.842592226082839
"b_slp:era1989M2013182",-0.00846556239141392,0.385594437556328,-0.73453125888985,-0.637748837785381,-0.488508662878855,0.492553284532094,0.612962238314955,0.762861186997705
"b_slp:era1989M2013183",0.0188567418753541,0.41105504832043,-0.790896073353582,-0.647442630666508,-0.491276534470513,0.533778878994153,0.688377137840558,0.831204797487098
"b_slp:era1989M2013184",0.187410791442988,0.45220998392743,-0.72070552993773,-0.566893836953516,-0.376850873450415,0.764683792366745,0.938111102031819,1.06064663079991
"b_slp:era1989M2013185",0.0983802465954035,0.457982633959679,-0.849133881290941,-0.666960901170109,-0.490250232789297,0.662740370783472,0.858575343014622,0.993105418268746
"b_slp:era1989M2013186",-0.00717512140451255,0.466983108507615,-0.933587109320669,-0.789825062455966,-0.612239568944646,0.58819028580392,0.770690416304724,0.896858994099631
"b_slp:era1989M2013187",-0.140831635970269,0.459373609862042,-1.0890959866526,-0.930860831341085,-0.71389264928421,0.42493974064368,0.587023693881344,0.739938920230268
"b_slp:era1989M2013188",-0.258837390524918,0.472767962697776,-1.14425843115891,-1.0169120011465,-0.8464706760652,0.355785076422957,0.51517779995059,0.674327989741121
"b_slp:era1989M2013189",-0.278992929928137,0.807033413735725,-1.81877639860463,-1.57865944527058,-1.2971320004576,0.769922915415751,1.03297062475039,1.30270039204615
"b_slp:era1989M2013190",-0.315982435077315,0.75884648176633,-1.77231354389585,-1.5551978913162,-1.29027698117325,0.673993225356838,0.946166948927682,1.21523236743767
"b_slp:era1989M2013191",-0.281436327759713,0.75073413186668,-1.77827118055531,-1.53091545526333,-1.23673733678475,0.673238577042256,0.919736679166037,1.21386267970397
"b_slp:era1989M2013192",-0.246082874855038,0.785914923466631,-1.78137796758683,-1.54039419366465,-1.21852304814197,0.787916886027281,1.06483062417695,1.31930300883759
"b_slp:era1989M2013193",-0.019683339485761,0.77466600423342,-1.54108118638646,-1.33844961404776,-1.01678372754648,0.983355189426344,1.27112898843389,1.54018718870785
"b_slp:era1989M2013194",0.620483764864271,0.850904504543222,-1.03236851372341,-0.798980041503607,-0.49875165552227,1.66046347368621,2.00924342270032,2.30848693058489
"b_slp:era1989M2013195",0.930005566604042,0.751856720117711,-0.57840383753551,-0.291444601062726,-0.0159977066386664,1.87954771718279,2.12652651570239,2.41191878093553
"b_slp:era1989M2013196",0.788388164543355,0.608769609552306,-0.428708705756978,-0.247300440224014,0.0376281958694046,1.56867587943595,1.76453624512581,1.93951571146875
"b_slp:era1989M2013197",0.598354500107384,0.530926610681485,-0.459993839316707,-0.304767021098062,-0.0825047102648577,1.27352252584675,1.45209488752262,1.59437212377994
"b_slp:era1989M2013198",0.452163355114464,0.431517925626229,-0.425023391857646,-0.283492540692752,-0.0951461247649232,1.00382913716075,1.12577770768798,1.29206630149464
"b_slp:era1989M2013199",0.352690594878783,0.421430654896624,-0.459462032199946,-0.354091048495166,-0.20136684185463,0.891512257971358,1.05073899390539,1.18244126186215
"b_slp:era1989M2013200",0.256731619323155,0.418417594350037,-0.527824636103008,-0.400040771728881,-0.273826478808855,0.795829412418261,0.960354670433947,1.11762408194304
"b_slp:era1989M2013201",0.202798950836701,0.396938749369759,-0.563501802781005,-0.461900616977537,-0.30905621700225,0.710478456972589,0.860650864669213,0.983834553811112
"b_slp:era1989M2013202",0.0729795335282206,0.399873218402258,-0.727023872003657,-0.609578674082077,-0.439738016565551,0.570594712699024,0.71430638944325,0.889715222639443
"b_slp:era1989M2013203",-0.0404320127499669,0.388694617382732,-0.803958028020819,-0.684347880561335,-0.536426826028932,0.456111249901242,0.604197865140783,0.729267733959303
"b_slp:era1989M2013204",-0.00312251937406291,0.398428420360302,-0.782898054454716,-0.661647542356338,-0.49399577656391,0.497170789930803,0.638864931401729,0.785022742989302
"b_slp:era1989M2013205",0.117608712955845,0.434970093675739,-0.712066666626561,-0.585602618346807,-0.437909145458489,0.668756666867585,0.814866443743874,0.939413592058722
"b_slp:era1989M2013206",0.0407032662595867,0.437818624944127,-0.820806055905443,-0.689353447077837,-0.515014759039316,0.598058181736666,0.750559367410173,0.896641763653421
"b_slp:era1989M2013207",-0.0272581520230195,0.444151171204959,-0.918286852685714,-0.756630292100334,-0.583580585372848,0.545911238911293,0.716905360161259,0.864556418835673
"b_slp:era1989M2013208",-0.105886766277294,0.458673395400083,-0.976541242055487,-0.826950461195038,-0.679255140284,0.461169670527756,0.638598158890595,0.804813658576272
"b_slp:era1989M2013209",-0.258837390524918,0.472767962697776,-1.14425843115891,-1.0169120011465,-0.8464706760652,0.355785076422957,0.51517779995059,0.674327989741121
"b_slp:era1989M2013210",-0.196775754229712,0.858821444184165,-1.76771926664326,-1.56176527149692,-1.27948004239968,0.903207743086891,1.18771760690213,1.55738343877971
"b_slp:era1989M2013211",-0.0473348157067243,0.810230489601675,-1.64342513657782,-1.38118449558404,-1.09743910126694,0.988785663363507,1.27760384834873,1.52509043865032
"b_slp:era1989M2013212",-0.0167456473578328,0.786938348506783,-1.64905248465647,-1.37195231560671,-1.0218496215944,0.973280965603768,1.2886555102169,1.53189934061873
"b_slp:era1989M2013213",-0.112597179216648,0.793608445303207,-1.67942488398969,-1.43431180050198,-1.14617542848244,0.879092847313758,1.13547253374818,1.43453838903971
"b_slp:era1989M2013214",0.213033019056438,0.86575160989822,-1.49203780330246,-1.21162599779663,-0.855949182610323,1.35247910293626,1.65015600603157,1.88812064034216
"b_slp:era1989M2013215",0.819985430525681,0.810049610277331,-0.710099627053988,-0.480359835846456,-0.205945185470883,1.89377120470801,2.16233487867579,2.40383691450563
"b_slp:era1989M2013216",0.93867740070005,0.760213522809791,-0.492495865447517,-0.299050683353913,-0.04944892327135,1.89772749065708,2.18489752987586,2.44595189871089
"b_slp:era1989M2013217",0.789603801479738,0.601439035111721,-0.347925644070736,-0.168623774865911,0.0287064497409239,1.54135614856549,1.80283535681441,1.95276223027964
"b_slp:era1989M2013218",0.612049094533715,0.500927346481685,-0.38004644433843,-0.190249771572602,-0.0115686731339436,1.24461220384,1.46708567921004,1.65121028491821
"b_slp:era1989M2013219",0.46946616882938,0.438240628489095,-0.377974862624091,-0.255895984909745,-0.0902149067631264,1.03224458661982,1.20072791727231,1.36518395409508
"b_slp:era1989M2013220",0.345395622146229,0.426494357433498,-0.47255699632578,-0.332626543509494,-0.187665486315577,0.876271450705944,1.0246388687584,1.19979579061806
"b_slp:era1989M2013221",0.26080183071224,0.39425613061337,-0.54236780857541,-0.397061363884957,-0.251571542519744,0.750263306339056,0.886261710043583,0.991468563817238
"b_slp:era1989M2013222",0.182677870904708,0.405829443479387,-0.613486793342813,-0.488119518077126,-0.331914998370095,0.705045758625223,0.845187438498862,0.949902288899978
"b_slp:era1989M2013223",0.101277249600106,0.383099118285564,-0.647182146832274,-0.541586961852858,-0.38803229730342,0.590565521566255,0.73972859899114,0.840773407287151
"b_slp:era1989M2013224",0.00562939816900827,0.404313523805348,-0.787667649575653,-0.657579478400567,-0.51013676427768,0.52095241161422,0.686118889940008,0.818687881754525
"b_slp:era1989M2013225",-0.0015349881403634,0.406105259346237,-0.779847152774919,-0.667228646924123,-0.512590126194948,0.502412916727281,0.66290066063503,0.866125183043519
"b_slp:era1989M2013226",0.0659066092059553,0.433003494742454,-0.742302783517113,-0.635375213715819,-0.486979845717117,0.616278158852932,0.816154782560565,0.959369790485363
"b_slp:era1989M2013227",0.00743435609391999,0.454619300101412,-0.911144039810243,-0.736131017872471,-0.575962327458635,0.58569740367187,0.735956960918838,0.869896718311462
"b_slp:era1989M2013228",-0.0278970506680919,0.435900299546693,-0.917419237023057,-0.754344281186092,-0.570217556041759,0.527569695885044,0.667087170098081,0.779129618131743
"b_slp:era1989M2013229",-0.131730584735838,0.461374901723783,-0.992362111652422,-0.88788575837621,-0.721211272651949,0.477347504904313,0.638594736499346,0.740629263516908
"b_slp:era1989M2013230",-0.258837390524918,0.472767962697776,-1.14425843115891,-1.0169120011465,-0.8464706760652,0.355785076422957,0.51517779995059,0.674327989741121
"b_slp:era1989M2013231",-0.210076419554024,0.92248674116895,-2.0367145559558,-1.69222712476718,-1.36192567811208,0.947290880069787,1.29581075699806,1.61969127083919
"b_slp:era1989M2013232",0.091802996673069,0.861879754238021,-1.56691238318262,-1.30186447952529,-1.00692837966312,1.22206890909922,1.54173797317733,1.87741613822738
"b_slp:era1989M2013233",0.413441068831876,0.849235398386654,-1.29118284483255,-1.0285659263403,-0.659254930590266,1.47389507884213,1.80012185609698,2.06279786283381
"b_slp:era1989M2013234",0.308202471401709,0.927886951718384,-1.56392871112059,-1.21543686732131,-0.847166295534192,1.46063107588643,1.80316865811348,2.159111742306
"b_slp:era1989M2013235",0.703993591598664,0.907796419915523,-1.03792803235839,-0.747064171638034,-0.447085354789679,1.86290549677022,2.2265509887714,2.51177225047588
"b_slp:era1989M2013236",1.06717420899097,0.824777955915709,-0.548532948811209,-0.339853388604129,-0.0414024516239483,2.08116699137434,2.38957223698269,2.61039798660568
"b_slp:era1989M2013237",0.911570742744475,0.725141774464536,-0.479836845654683,-0.284963728528517,-0.0160663848475162,1.84745030672695,2.10783181895521,2.36265647785381
"b_slp:era1989M2013238",0.768566305769778,0.613995491873811,-0.503068367756677,-0.259910700137094,-0.0199150782005404,1.53218673985006,1.74066639134543,1.95837825516855
"b_slp:era1989M2013239",0.591145881945557,0.49966693364914,-0.39018397815656,-0.26287547392993,-0.0740313165603893,1.23063850050642,1.40408145185719,1.58174314572028
"b_slp:era1989M2013240",0.450974343389531,0.448046225167627,-0.453683601151501,-0.275558767434633,-0.0998205517406211,1.04671310843672,1.18550567458404,1.30182167193775
"b_slp:era1989M2013241",0.364804931784656,0.416627187193029,-0.422084426496923,-0.293602939575254,-0.156903795050553,0.904000743507174,1.06089644026106,1.20293715648258
"b_slp:era1989M2013242",0.246372727881724,0.399992912372315,-0.558331431576285,-0.445005226041417,-0.266980136498936,0.731444047070981,0.874555847910191,1.02006310231605
"b_slp:era1989M2013243",0.196713032122321,0.390141419985045,-0.597785078384786,-0.465663980685656,-0.294798969362124,0.699399887262391,0.827537324268735,0.960292325586402
"b_slp:era1989M2013244",0.10838313135513,0.401789126270671,-0.681303711057423,-0.55064746282223,-0.404652814191642,0.629291641804044,0.772526124362131,0.893481561384978
"b_slp:era1989M2013245",-0.0195239252041903,0.409088038237239,-0.780825596286855,-0.667085379275286,-0.543191395206652,0.530714055989188,0.673757609483573,0.781522553152729
"b_slp:era1989M2013246",0.00626521960274991,0.41468315733161,-0.837031985867985,-0.684586501761011,-0.525667243971065,0.531231982834093,0.656178639082284,0.795959446223188
"b_slp:era1989M2013247",0.0456082050615941,0.416226986713937,-0.79167182019449,-0.636491060759047,-0.490011156755291,0.586423430770152,0.732936611707953,0.878814630199367
"b_slp:era1989M2013248",0.0270494400990437,0.446588581767358,-0.844988444439468,-0.69600382626165,-0.545283328112317,0.601431472919549,0.776871393701741,0.916674176588288
"b_slp:era1989M2013249",-0.0600755142104437,0.429913655171405,-0.879576804767836,-0.773450747984749,-0.609964081598045,0.507117420535148,0.637309010014422,0.742990150253881
"b_slp:era1989M2013250",-0.131840233308829,0.47573282112726,-1.07404141914891,-0.911195155933886,-0.728582406037569,0.472970041186528,0.668226841432802,0.832963143766984
"b_slp:era1989M2013251",-0.258837390524918,0.472767962697776,-1.14425843115891,-1.0169120011465,-0.8464706760652,0.355785076422957,0.51517779995059,0.674327989741121
"b_slp:era1989M2013252",-0.324943817675181,0.979219984302245,-2.23948656195215,-1.90264167034544,-1.54552610635556,0.946581247327716,1.28609267645453,1.57963970301659
"b_slp:era1989M2013253",0.18354326019762,0.924322612425221,-1.7441873941944,-1.33050391171958,-0.99673476818811,1.34071174832947,1.65568415656586,2.01104892339496
"b_slp:era1989M2013254",0.712892305081561,0.920851818242474,-1.07347602843555,-0.826646148468239,-0.481373945565859,1.8994358098155,2.20270977265617,2.49260447264098
"b_slp:era1989M2013255",0.815365241943831,0.945461570059752,-1.0711847081327,-0.789136585841737,-0.460205474075669,1.97328434543617,2.28341514313602,2.5520751090963
"b_slp:era1989M2013256",1.17418839159402,0.917936938507617,-0.637893339485852,-0.276757687825896,0.044863742430288,2.37478208604524,2.66521844754065,2.99120751251205
"b_slp:era1989M2013257",1.24427042318559,0.792153081888652,-0.438548036488084,-0.0925177037321488,0.233486207976134,2.19184803364535,2.47406854774564,2.80443933101532
"b_slp:era1989M2013258",0.915203603937829,0.697497217360565,-0.468172245518011,-0.243205376207457,0.0370881388118417,1.78242021333872,2.06342232546567,2.30701956096667
"b_slp:era1989M2013259",0.724826062917926,0.574973263114652,-0.433804110551918,-0.213675425185482,-0.0123376849641809,1.41719007630107,1.63997191799514,1.85516595894141
"b_slp:era1989M2013260",0.574348874285005,0.521914568979913,-0.467789770948105,-0.307197734475015,-0.0780721230435261,1.25511922726806,1.42378718098317,1.58449060817031
"b_slp:era1989M2013261",0.436637778156958,0.442057601101989,-0.465801160387726,-0.27634565973088,-0.114357206879811,0.991221984590165,1.14837779076634,1.29239403648792
"b_slp:era1989M2013262",0.372395773698966,0.42777681452079,-0.421873060626629,-0.307835386007895,-0.166485906867949,0.931290005476739,1.06843143643844,1.2186873305792
"b_slp:era1989M2013263",0.258524792197168,0.414565241139088,-0.562386534081549,-0.416920882165716,-0.270687183522534,0.795905617467107,0.948342900774357,1.05948350562225
"b_slp:era1989M2013264",0.176938370329451,0.404160055027743,-0.653586650336674,-0.507578899894741,-0.336160089662292,0.676648827124821,0.813072485181103,0.926624358088528
"b_slp:era1989M2013265",0.105863193633807,0.406320384499471,-0.651542362406294,-0.54968098753764,-0.402458985452666,0.605451719532394,0.770014596029714,0.91529898350221
"b_slp:era1989M2013266",0.00192172181483203,0.394144184663718,-0.762587213033375,-0.647185717938698,-0.51507982021428,0.506230690510858,0.636178690394645,0.803192541822863
"b_slp:era1989M2013267",-0.0428689304068837,0.422648181730325,-0.846900192465689,-0.748822604236689,-0.596414855473968,0.499748025567481,0.66145958378815,0.773577712723799
"b_slp:era1989M2013268",0.0280170670852987,0.449699232675952,-0.8698871985938,-0.714542856481284,-0.528696843042352,0.610518412181833,0.766906580902163,0.881385754052842
"b_slp:era1989M2013269",-0.0437608237300473,0.423446375120435,-0.854757635674398,-0.725686122487393,-0.581639130245701,0.503390180666403,0.663550581467558,0.786583950502405
"b_slp:era1989M2013270",-0.0724163443347874,0.468728168102688,-1.00849507410467,-0.844532159568722,-0.644805575259192,0.520452435530408,0.686147074652217,0.884598334783406
"b_slp:era1989M2013271",-0.131551966610638,0.460245785347289,-1.02324068931358,-0.899364715462412,-0.709156148125814,0.456443890145069,0.630303991389042,0.787201507713671
"b_slp:era1989M2013272",-0.258837390524918,0.472767962697776,-1.14425843115891,-1.0169120011465,-0.8464706760652,0.355785076422957,0.51517779995059,0.674327989741121
"b_slp:era1989M2013273",-0.524337350531436,0.898268723669502,-2.23021027369253,-1.9545479519882,-1.68795107062558,0.6405259336657,0.939583304204694,1.22547390236071
"b_slp:era1989M2013274",0.28880875964213,0.974625731121676,-1.70423450240945,-1.32931782683792,-0.913570980044654,1.49974185633505,1.90658707661432,2.22186474728973
"b_slp:era1989M2013275",1.00128512622508,0.935152116645834,-0.826426691734766,-0.567361142182082,-0.220082894098327,2.23882534270038,2.54704215420575,2.82439005120428
"b_slp:era1989M2013276",1.38943407375103,0.9906814060794,-0.552394354574291,-0.289487748273333,0.0668075855307636,2.61040110718792,2.97484897764758,3.32261916443387
"b_slp:era1989M2013277",1.43731052069433,0.903774518374772,-0.305160932376457,-0.0329162416886247,0.281799659378601,2.61398346237121,2.90945108878165,3.17817052505239
"b_slp:era1989M2013278",1.23719260232465,0.841562397481672,-0.368004121518189,-0.104605852460255,0.179083931738116,2.32530446929123,2.6674280292854,2.97517748950623
"b_slp:era1989M2013279",0.849338262236689,0.691450221488945,-0.518794541563845,-0.274423589938893,-0.0212916329494933,1.71522844215623,1.99524249874114,2.21885017283684
"b_slp:era1989M2013280",0.724673019587381,0.582025041000462,-0.479678662322163,-0.23119406453127,-0.0149604452338661,1.43299017010642,1.6656176476015,1.86516991287231
"b_slp:era1989M2013281",0.545343744364737,0.493456481101733,-0.412630740725255,-0.267217531727596,-0.0829345192328038,1.17689166115319,1.34952596179887,1.51764392733281
"b_slp:era1989M2013282",0.423917773521328,0.446529736643242,-0.464803215607613,-0.306184513218863,-0.130689028794118,1.00733605664394,1.15876434106377,1.26325233802611
"b_slp:era1989M2013283",0.329890311101911,0.4326302673861,-0.540119841110171,-0.366663103981644,-0.196995113747371,0.893895539900159,1.05667501265238,1.18842719065625
"b_slp:era1989M2013284",0.232724251674609,0.39929347507764,-0.533335295273163,-0.423323947120866,-0.252670385312935,0.734342934247951,0.905612181666827,1.04960324623246
"b_slp:era1989M2013285",0.183119225062766,0.41272508808723,-0.597045843068,-0.465671850591396,-0.329326356692011,0.721841131570464,0.865316360574698,1.05021860368896
"b_slp:era1989M2013286",0.108745433167671,0.386290780247903,-0.637785710303902,-0.527253008360766,-0.401033688886829,0.594855805605786,0.719553933826744,0.822405349331699
"b_slp:era1989M2013287",-0.0258208552080494,0.404151770894679,-0.800999192992137,-0.694327827448098,-0.525546492499793,0.479414662107593,0.620013648915369,0.781364487168487
"b_slp:era1989M2013288",-0.0473675831648294,0.419475045867305,-0.85894635864761,-0.750330689049386,-0.58115564218376,0.497357113875971,0.665603839898185,0.78736155877522
"b_slp:era1989M2013289",-0.00874307422213398,0.447979548591002,-0.852644477828054,-0.736865778449112,-0.58491498349063,0.568586252395752,0.721920999633567,0.865521722076692
"b_slp:era1989M2013290",-0.0337246457769374,0.428681404276518,-0.848530026906955,-0.747003651207583,-0.583987358350352,0.510351715359541,0.679304215976653,0.819354774937294
"b_slp:era1989M2013291",-0.0812621878788007,0.425236927243072,-0.939377984897682,-0.800100009161212,-0.642815279900383,0.442775507406924,0.582555457902933,0.731496783591311
"b_slp:era1989M2013292",-0.158726713274256,0.449384991816881,-1.05455904177505,-0.909237447454447,-0.742446644003164,0.410441431282006,0.536300568776673,0.720478123225182
"b_slp:era1989M2013293",-0.258837390524918,0.472767962697776,-1.14425843115891,-1.0169120011465,-0.8464706760652,0.355785076422957,0.51517779995059,0.674327989741121
"b_slp:era1989M2013294",-0.453470136593595,0.954187361517168,-2.3611732604262,-2.02164154008708,-1.67194548321858,0.763433374208776,1.12188530916112,1.47406126272367
"b_slp:era1989M2013295",0.411152357510504,0.994397349322253,-1.60698523317856,-1.26360255352067,-0.884772604758756,1.65061825017096,2.00868464439397,2.35389870426929
"b_slp:era1989M2013296",1.10241475969878,0.976510497364269,-0.731991574428225,-0.474718548258384,-0.182669518680127,2.34945426307121,2.72318069910301,2.96655311619215
"b_slp:era1989M2013297",1.64178045621159,0.962729974285567,-0.224288886466481,0.102786909341643,0.410753550821659,2.8595805209996,3.23745303329505,3.56680204886087
"b_slp:era1989M2013298",1.51041651046554,0.928852103468687,-0.346519719433158,0.0220935483809955,0.304489790107801,2.70638204507733,3.01599677839706,3.28354182139997
"b_slp:era1989M2013299",1.10257371118638,0.757593469379294,-0.370859247128454,-0.13212433951489,0.152605362743193,2.07658594463531,2.33730212285693,2.55135586218267
"b_slp:era1989M2013300",0.762829780267122,0.635831812941905,-0.513487969872251,-0.307375399423095,-0.0645889063042389,1.54931319734736,1.81077734533437,2.02432034782493
"b_slp:era1989M2013301",0.689240369997993,0.545462984528772,-0.417515617745872,-0.227031091868595,0.00356586574690689,1.36524816814111,1.54960657338643,1.71383404384642
"b_slp:era1989M2013302",0.552804748721261,0.491251675799754,-0.411915732009348,-0.246202132257823,-0.0615225613958615,1.18037466796238,1.3647999799893,1.5649077955499
"b_slp:era1989M2013303",0.393467384825337,0.436954595079106,-0.465743849323147,-0.312395564212061,-0.163994888673244,0.948861658116339,1.13136814581514,1.26271319080578
"b_slp:era1989M2013304",0.283426834752863,0.426861005770451,-0.589774085998555,-0.442262559876167,-0.267643996605067,0.813960635764089,0.962896525702707,1.10051133491243
"b_slp:era1989M2013305",0.20872426399584,0.399659082610142,-0.519697304543384,-0.419456401226948,-0.290065949836005,0.752933257736024,0.881792512451715,1.0211877412764
"b_slp:era1989M2013306",0.149135608967261,0.402002610194423,-0.657696730022529,-0.529972977171521,-0.365974857186409,0.67032920954303,0.794327605574512,0.953699762345537
"b_slp:era1989M2013307",0.074565565075215,0.388231817692633,-0.698905067484587,-0.553884960691383,-0.423935126626173,0.572097915220315,0.707894243446291,0.823369126471649
"b_slp:era1989M2013308",-0.016013190258731,0.395577857649758,-0.783502731102537,-0.6718442863483,-0.519007666896706,0.490685983689649,0.642509687176818,0.763004287127203
"b_slp:era1989M2013309",-0.00464939175750923,0.396225521396234,-0.811819933931091,-0.685579441577506,-0.499045078442704,0.497647351298726,0.638542751342963,0.775447198595352
"b_slp:era1989M2013310",0.00533416755388264,0.416533279936751,-0.770768752720676,-0.669483551736408,-0.527428725836455,0.54793247161448,0.688532052742775,0.815372274550484
"b_slp:era1989M2013311",-0.0565169166685039,0.435407201051464,-0.917829512549404,-0.753797960564105,-0.606319355052348,0.489139790237556,0.655917322147568,0.791587995560873
"b_slp:era1989M2013312",-0.0821956551144409,0.465841696920641,-0.988615680237665,-0.829150990488114,-0.669916272186647,0.541624923281482,0.696501391004623,0.841935589293872
"b_slp:era1989M2013313",-0.152346858678061,0.446520006074991,-1.03156612164231,-0.889421964891082,-0.72047032401876,0.41617439641101,0.573804488490336,0.743717486772076
"b_slp:era1989M2013314",-0.258837390524918,0.472767962697776,-1.14425843115891,-1.0169120011465,-0.8464706760652,0.355785076422957,0.51517779995059,0.674327989741121
"b_slp:era1989M2013315",-0.521422285531398,1.0775838139875,-2.62858996760407,-2.29769282286984,-1.89740945306257,0.852660854611731,1.21469433906255,1.47982469056516
"b_slp:era1989M2013316",0.359873670047939,1.09944335623943,-1.70551956987081,-1.46861523668008,-1.0474407084891,1.74199540717816,2.13991487662144,2.45704512937793
"b_slp:era1989M2013317",0.876609233710672,1.04777533913401,-1.2734185724677,-0.84324178922058,-0.438765815738614,2.18509533641749,2.55467411242571,2.9142435888935
"b_slp:era1989M2013318",1.66788416769417,1.08575574087471,-0.579133236673124,-0.185986688488977,0.280389969380292,3.06622316082054,3.41154023377125,3.7085426847014
"b_slp:era1989M2013319",1.4155699873999,0.883100512655578,-0.308039029632741,-0.0373041739231489,0.313542366155573,2.52867614988087,2.83590345453415,3.11188649252819
"b_slp:era1989M2013320",0.916292589559142,0.710884024672997,-0.504548715332832,-0.226025228287595,0.0152289798260111,1.80241056993769,2.05227737807792,2.25112847683232
"b_slp:era1989M2013321",0.738594430191405,0.636174151458571,-0.481428929343083,-0.283620513813267,-0.0878555109709294,1.54209503195467,1.78344014661526,1.98139567715323
"b_slp:era1989M2013322",0.622971063175533,0.52765497471464,-0.420455082759721,-0.260265015457057,-0.0724648585181823,1.28714381093777,1.48727599072025,1.68024099737369
"b_slp:era1989M2013323",0.492414070239377,0.492099358037738,-0.4371673740436,-0.319024372108058,-0.144417029726191,1.09751574755406,1.27161670099728,1.42893326909456
"b_slp:era1989M2013324",0.356229517791764,0.448278791996325,-0.511579778474776,-0.375948233422711,-0.207538703785663,0.924548440492995,1.1023701199058,1.22762716242639
"b_slp:era1989M2013325",0.276170247469134,0.43256514475409,-0.552561772251759,-0.406523974669164,-0.262932342663543,0.837194824074957,0.998229610324011,1.11969595546532
"b_slp:era1989M2013326",0.189511220265049,0.414486109905004,-0.63526525992328,-0.494012341593932,-0.313764612769083,0.689451354185041,0.836426227234294,0.969831874778004
"b_slp:era1989M2013327",0.14417379950878,0.401210141451547,-0.635943741787477,-0.495980743740143,-0.365119257355937,0.659347356930837,0.808297984500943,0.953293867355979
"b_slp:era1989M2013328",0.0621035799643882,0.386593727928964,-0.730077761648125,-0.580675363796191,-0.438284065017177,0.535184989340351,0.692832381810674,0.849802690950388
"b_slp:era1989M2013329",0.000371959892236007,0.37490371345526,-0.712871009208438,-0.612912166518228,-0.479801299554287,0.47025092838437,0.618373287561019,0.738970597233316
"b_slp:era1989M2013330",-0.00977356928521692,0.399167317844495,-0.775191469919843,-0.6420986284773,-0.514108882999539,0.500609523112623,0.655734736012794,0.7649583588598
"b_slp:era1989M2013331",-0.0659691253905716,0.414597367695095,-0.926289994231123,-0.760972337393682,-0.582722019577351,0.461668053307868,0.599723371493245,0.753323507146949
"b_slp:era1989M2013332",-0.0847879947767862,0.418310773663895,-0.888292647232782,-0.744461245773676,-0.60801069730305,0.457712272348164,0.597291548556549,0.757540464521426
"b_slp:era1989M2013333",-0.0869951074611724,0.423337750027697,-0.918641820906526,-0.767799751968127,-0.638813982804143,0.468663999672973,0.604180265337816,0.734038369549125
"b_slp:era1989M2013334",-0.145805338207633,0.451895483641001,-1.06398008198261,-0.905606039698799,-0.719018522487389,0.419922178487574,0.607393453273722,0.746322098587334
"b_slp:era1989M2013335",-0.258837390524918,0.472767962697776,-1.14425843115891,-1.0169120011465,-0.8464706760652,0.355785076422957,0.51517779995059,0.674327989741121
"b_slp:era1989M2013336",-0.787140687411618,1.183178287029,-3.02047984967288,-2.7028745231938,-2.32213309551444,0.761604837400259,1.17792699244048,1.59525341471044
"b_slp:era1989M2013337",0.00546601829456181,1.16470970838702,-2.39965698118526,-2.00374112531013,-1.55862590931714,1.45506781046963,1.7965900688914,2.11488636302617
"b_slp:era1989M2013338",0.619630360041566,1.12506933565347,-1.64295143415846,-1.24110124750413,-0.865467234061981,2.08047263784522,2.47005812196446,2.69342182313897
"b_slp:era1989M2013339",1.55034885125207,1.09206613530394,-0.595117639718979,-0.305086377918468,0.108095594807376,2.97068534606124,3.29764304700476,3.60110844557719
"b_slp:era1989M2013340",1.18344620866607,0.871572467020119,-0.494760930714445,-0.256310600299082,0.098792083318169,2.33113720988088,2.66461078327561,2.85789598048978
"b_slp:era1989M2013341",0.768880478676329,0.705742517893441,-0.580464308579638,-0.411705032312885,-0.148098807377825,1.66856376225084,1.90296643588277,2.15630581640462
"b_slp:era1989M2013342",0.594946493016863,0.579092157140223,-0.522659018349337,-0.352494484332491,-0.140988158465709,1.33698071043089,1.56329569137925,1.73194219605956
"b_slp:era1989M2013343",0.534253334212489,0.545365916899502,-0.55057257650377,-0.339629160305771,-0.152087919138283,1.25007757892327,1.45234191186202,1.61021523667139
"b_slp:era1989M2013344",0.440363603507751,0.508353500454812,-0.567004702808924,-0.403319555639848,-0.206036659696166,1.06697118917412,1.24847642990065,1.42829253361246
"b_slp:era1989M2013345",0.328079349622984,0.456180969330965,-0.585360213232963,-0.431423930956923,-0.246710891129509,0.916045077145896,1.04947688485986,1.19541024730118
"b_slp:era1989M2013346",0.240560404089015,0.425036243872749,-0.590117870161596,-0.442520743044011,-0.28649461628237,0.804531088313403,0.936882382075513,1.06096740150006
"b_slp:era1989M2013347",0.129987618184838,0.422814592332478,-0.689537532500391,-0.574780827814163,-0.41044272523992,0.669141305755849,0.812221864316845,0.93663843989634
"b_slp:era1989M2013348",0.122533810444208,0.417890937364448,-0.695078369141987,-0.540016545988196,-0.420429311824594,0.655082218520533,0.820827205272147,0.975047291460227
"b_slp:era1989M2013349",0.0873358938483097,0.39942307003694,-0.685563837307023,-0.559371386357531,-0.431986564249566,0.598120379684676,0.777794894527919,0.87986709489188
"b_slp:era1989M2013350",0.0352913723999764,0.398830612261988,-0.737631568080675,-0.616749879422846,-0.472266235301495,0.545942590287501,0.68798476606743,0.834896545039067
"b_slp:era1989M2013351",-0.0283786317434727,0.391966498234679,-0.80546985159231,-0.675691809234529,-0.5170751130002,0.46537442743586,0.621806622720578,0.775505663840271
"b_slp:era1989M2013352",-0.0250585055904424,0.406494550230695,-0.835402303704804,-0.70158050694402,-0.528933173372662,0.483912678150451,0.630179413773013,0.78134577694424
"b_slp:era1989M2013353",-0.0969094258006308,0.440904564353296,-0.988211342263686,-0.827259579633,-0.659908879385673,0.478974745218246,0.629514230687103,0.73164674702467
"b_slp:era1989M2013354",-0.113298502361805,0.426212811344933,-0.995914465923649,-0.843516489155997,-0.645976631939831,0.428873131957529,0.570457162829403,0.683171186326164
"b_slp:era1989M2013355",-0.154640897262316,0.439001517867221,-1.00847426079618,-0.87822157306982,-0.718179730585946,0.402361214255005,0.561547394395732,0.729673681292472
"b_slp:era1989M2013356",-0.258837390524918,0.472767962697776,-1.14425843115891,-1.0169120011465,-0.8464706760652,0.355785076422957,0.51517779995059,0.674327989741121
"b_slp:era1989M2013357",-0.838740829230721,1.10161135593195,-3.01649260471886,-2.64041662208934,-2.2725329041234,0.569490495754186,0.964909567335596,1.31263980343923
"b_slp:era1989M2013358",-0.13685818019746,1.19127925707326,-2.50199613031618,-2.09388669750449,-1.6757756706602,1.37296353446732,1.71798356587007,2.10198876088818
"b_slp:era1989M2013359",0.827561968228362,1.23991559045241,-1.62519407100462,-1.18284079809618,-0.80974684452052,2.37398942821307,2.82367053068749,3.2170196232857
"b_slp:era1989M2013360",1.37275316428204,1.10036641692545,-0.782514313428238,-0.430352612649365,0.0281763801718516,2.72294887188852,3.09084870805066,3.43936664458667
"b_slp:era1989M2013361",0.97187164789177,0.840773457159709,-0.589303702258664,-0.363579848006273,-0.104796657729915,2.05130196848116,2.38256348732946,2.62317341320403
"b_slp:era1989M2013362",0.620659844788908,0.653964478180897,-0.660565693148471,-0.4658568032662,-0.205033120526916,1.44690565294708,1.72845677669099,1.94512528006304
"b_slp:era1989M2013363",0.515374414507259,0.578714080656019,-0.627016001288149,-0.42597088988085,-0.218581987009315,1.23593362384076,1.49042849168021,1.67315991001913
"b_slp:era1989M2013364",0.433719050988151,0.520836019907808,-0.600479189481663,-0.451155170195377,-0.235268306785983,1.09367398282698,1.30034985714109,1.45664703998366
"b_slp:era1989M2013365",0.366095931049519,0.485939947513113,-0.573709115394875,-0.417188907950784,-0.248844857509009,0.979369167097052,1.16362118177243,1.33449764207882
"b_slp:era1989M2013366",0.267770469809042,0.442676593231166,-0.620621604523736,-0.4655306648719,-0.295570772559223,0.830146462660209,0.998458766882907,1.13684059910925
"b_slp:era1989M2013367",0.224963093921919,0.436602175108805,-0.625000892915265,-0.483847668358478,-0.348525859825379,0.776543197125966,0.922878089504719,1.06210043957888
"b_slp:era1989M2013368",0.172161287873201,0.412829143555899,-0.661808241294044,-0.507207219552795,-0.350512157219667,0.693182077116323,0.840843428576711,0.978609868009139
"b_slp:era1989M2013369",0.103660108538644,0.410953914370736,-0.716847460691756,-0.595622855433166,-0.44161097801613,0.631761432385709,0.782389337470854,0.914880055950174
"b_slp:era1989M2013370",0.0605949372170883,0.380899462550036,-0.66842532113372,-0.557937247081048,-0.432442091065921,0.542630212860721,0.668030717873626,0.783584549147483
"b_slp:era1989M2013371",0.0312606081557877,0.390340543472463,-0.710653214820653,-0.584332767752074,-0.467631444113558,0.528385268085654,0.669535053864993,0.779005344529919
"b_slp:era1989M2013372",-0.00575487228869814,0.383751643458254,-0.749307157241955,-0.645768336197773,-0.489649693684615,0.498075531105684,0.620034443691572,0.726039908015944
"b_slp:era1989M2013373",-0.0347037961917269,0.400791317742416,-0.813820388948611,-0.689764791140202,-0.551850110594798,0.484965516724981,0.614952252791457,0.724999340021309
"b_slp:era1989M2013374",-0.0783804706254773,0.436374990999875,-0.96802101396229,-0.794737767854759,-0.639190433560843,0.456881617321738,0.614040012381761,0.766098251453475
"b_slp:era1989M2013375",-0.116590680390985,0.431904137015883,-0.941935043459971,-0.835478589019906,-0.672677273887177,0.431445922514214,0.605234844676692,0.773091599015007
"b_slp:era1989M2013376",-0.170028843455833,0.44165704631282,-1.01682420757914,-0.887942876139058,-0.727281027508599,0.402660655267722,0.535496222460205,0.69753807889073
"b_slp:era1989M2013377",-0.258837390524918,0.472767962697776,-1.14425843115891,-1.0169120011465,-0.8464706760652,0.355785076422957,0.51517779995059,0.674327989741121
"b_slp:era1989M2013378",-0.488801810943105,1.11209285142573,-2.73046223834671,-2.29435909930554,-1.87133000766547,0.920875159127677,1.35894940194385,1.72599486732891
"b_slp:era1989M2013379",0.10266624284373,1.20193343453779,-2.2889526912845,-1.88955753235638,-1.42095770141743,1.60666809893634,2.03266515651933,2.45139544760527
"b_slp:era1989M2013380",0.950161927475605,1.25522630127827,-1.58185618127302,-1.11356949030293,-0.660169306749142,2.4857439322588,2.88006910578086,3.25675191781028
"b_slp:era1989M2013381",1.1011613889149,1.01993783035045,-0.906863459457869,-0.556081114225208,-0.173792703863386,2.39043314888543,2.77798940779982,3.0845597838518
"b_slp:era1989M2013382",0.844296244705679,0.802736717449723,-0.677809443809786,-0.465687011945587,-0.169768523005478,1.8707324121227,2.14467602107499,2.40617087910638
"b_slp:era1989M2013383",0.4797366848068,0.660188425741065,-0.788888255574395,-0.580992719708385,-0.369407196532483,1.31583488456857,1.5784838774914,1.8254718442074
"b_slp:era1989M2013384",0.375634026013426,0.572182088836975,-0.734640515747534,-0.552450418074708,-0.36279660683397,1.09921061457583,1.31549590643621,1.5302389956601
"b_slp:era1989M2013385",0.327500799295706,0.51394594370187,-0.653548431856922,-0.497931616220479,-0.334279823052974,0.981933687419235,1.17714068667407,1.36645452386648
"b_slp:era1989M2013386",0.30231795074638,0.503160061621785,-0.670843045512056,-0.510517566235797,-0.33603120740348,0.974377456439573,1.14017834143624,1.2987619724202
"b_slp:era1989M2013387",0.233616570366589,0.463221178472179,-0.68134127127839,-0.508212541849965,-0.338206148728571,0.818554362514123,1.00804051334785,1.14147399030719
"b_slp:era1989M2013388",0.204232926251748,0.432709574314008,-0.637972249889036,-0.48811550091222,-0.348604909902564,0.774692996496466,0.928001775013441,1.06168294299782
"b_slp:era1989M2013389",0.152474258128038,0.43285097685013,-0.712838061370537,-0.577452158065247,-0.417285542464219,0.695423456495711,0.835435843205017,1.00740848855561
"b_slp:era1989M2013390",0.121538771533871,0.394813377568127,-0.637833663498182,-0.517568909309702,-0.381066179615042,0.629953802767801,0.801921025989522,0.927774740826653
"b_slp:era1989M2013391",0.0512485624318894,0.376911531044133,-0.693656153093926,-0.569778677074214,-0.427067680432619,0.527760358437044,0.654356987553324,0.780236934970301
"b_slp:era1989M2013392",0.0429573181344113,0.380293667198798,-0.712597335589196,-0.579749178093494,-0.432568796654736,0.534938042259401,0.666120307766479,0.824574359341998
"b_slp:era1989M2013393",0.0176440740970291,0.405577957720993,-0.772708398995612,-0.657279119252551,-0.493865227302091,0.541442816418688,0.676024489739328,0.807889799169281
"b_slp:era1989M2013394",-0.0457830224807956,0.4205171987587,-0.844495458100277,-0.726488916190644,-0.58895843924679,0.490881645794638,0.651484016514952,0.78821389307367
"b_slp:era1989M2013395",-0.0789149856166714,0.428301471444553,-0.946361407647639,-0.789191399132611,-0.620957008622146,0.464552401772927,0.615706233285878,0.742595576396478
"b_slp:era1989M2013396",-0.141545483461461,0.436329645465018,-1.03293147975001,-0.849930110732958,-0.698756231101426,0.384741589776236,0.548411743392191,0.7054774720544
"b_slp:era1989M2013397",-0.164822576211005,0.452552110898897,-1.04723726946991,-0.89023444447094,-0.739606671905614,0.4241390136614,0.58732335875632,0.718271583925965
"b_slp:era1989M2013398",-0.258837390524918,0.472767962697776,-1.14425843115891,-1.0169120011465,-0.8464706760652,0.355785076422957,0.51517779995059,0.674327989741121
"b_slp:era1989M2013399",-0.117475378126023,1.39359686520347,-2.75670469690986,-2.39700249063907,-1.88780425084886,1.69623773882002,2.16472629064829,2.62446796302163
"b_slp:era1989M2013400",0.100572996560274,1.33776435807175,-2.48621141299516,-2.09918637488625,-1.64783665608511,1.83282408275091,2.26875644248178,2.61442598055689
"b_slp:era1989M2013401",0.5720285253605,1.05465161797344,-1.45135097002093,-1.10617698365587,-0.783084506786355,1.90801825271186,2.29884639469453,2.63600751596744
"b_slp:era1989M2013402",0.860008797201637,0.949847816552715,-0.97843984247475,-0.702850693592976,-0.384144383692948,2.07546830118729,2.43710009433907,2.65330955248898
"b_slp:era1989M2013403",0.728429167090832,0.777999514715332,-0.787778811165552,-0.579080627586319,-0.310352637376343,1.71796165717631,2.00442290326445,2.24835860866908
"b_slp:era1989M2013404",0.405749737850964,0.670288911837333,-0.917018076054576,-0.705622333130534,-0.434044909192278,1.2702451798944,1.53849073672377,1.72866204057977
"b_slp:era1989M2013405",0.317068546516545,0.585998463259287,-0.815346692687417,-0.598833649105877,-0.410243239133222,1.08440081699382,1.29127684813124,1.51342040019813
"b_slp:era1989M2013406",0.263708387741442,0.549045803100136,-0.846877228102331,-0.661586384607669,-0.428982893549042,0.952620975317616,1.18421487597249,1.33291961349698
"b_slp:era1989M2013407",0.230627143366853,0.494964251560098,-0.731197370808474,-0.586774174454398,-0.402287011889028,0.859161721739673,1.0520254563802,1.19411901906162
"b_slp:era1989M2013408",0.173884855444088,0.458525790168618,-0.759629715981151,-0.576762090139507,-0.409312653244602,0.752089027077483,0.901165324547347,1.03134304591452
"b_slp:era1989M2013409",0.223842925500976,0.439783640735675,-0.662359251813865,-0.487976725422717,-0.335553915314037,0.78492944535155,0.935506850141051,1.0911481940986
"b_slp:era1989M2013410",0.133318223357262,0.447906716577823,-0.766136957074499,-0.634875290097905,-0.441384191237186,0.692514556591672,0.878727894336911,1.01912365000494
"b_slp:era1989M2013411",0.0793877681298829,0.393995848597973,-0.67212054800491,-0.59043193484288,-0.430791411084513,0.580833446557462,0.728091753885708,0.864228456299197
"b_slp:era1989M2013412",0.0567550877374089,0.387787505546247,-0.725417109710704,-0.588284619936913,-0.438717756424312,0.552230685018164,0.682051499934849,0.776697095526325
"b_slp:era1989M2013413",0.0489512933205406,0.404581878766365,-0.690798755754111,-0.589166912928731,-0.467735302420289,0.573150420999403,0.733081037966389,0.863935628820406
"b_slp:era1989M2013414",0.0392697923460267,0.388687643203776,-0.730985398705779,-0.618749886458295,-0.456196344799543,0.531118021997436,0.671142333458423,0.801506553240003
"b_slp:era1989M2013415",-0.0446452092918771,0.415972770987576,-0.867892146795996,-0.759443570010365,-0.586622701493759,0.463733703684369,0.617533096165268,0.762783868004811
"b_slp:era1989M2013416",-0.129059867562451,0.419983976820051,-0.952835451470746,-0.812676128456761,-0.651840936452456,0.41742009351286,0.579273288760161,0.705989553071739
"b_slp:era1989M2013417",-0.108055496600741,0.455755458813862,-1.00309426587057,-0.840816166623452,-0.68664609241207,0.491120060900709,0.672270310932152,0.80954885796548
"b_slp:era1989M2013418",-0.168560727824569,0.447406398316974,-1.04352022886171,-0.894870036187478,-0.735271782971177,0.41504601274543,0.570058428965822,0.696280354502782
"b_slp:era1989M2013419",-0.258837390524918,0.472767962697776,-1.14425843115891,-1.0169120011465,-0.8464706760652,0.355785076422957,0.51517779995059,0.674327989741121
"b_slp:era1989M2013420",0.0447661657729986,1.4071293722701,-2.74502751141181,-2.32251918438107,-1.79684987858862,1.92202423822633,2.37666436167695,2.769127037056
"b_slp:era1989M2013421",0.470561483992711,1.03129061878219,-1.53443910068826,-1.23196518420654,-0.81739950846067,1.81278551079513,2.11951185010926,2.40119976441968
"b_slp:era1989M2013422",0.621380312029067,0.879692288452719,-1.17443871722766,-0.829055601468202,-0.518433774032705,1.72773933427413,2.06211083347799,2.35551192847111
"b_slp:era1989M2013423",0.590172290919593,0.845674214662653,-1.08978928371821,-0.823900504744216,-0.481173507348776,1.66747357062111,1.93483216879184,2.18364582603123
"b_slp:era1989M2013424",0.643608393495472,0.800495768019887,-0.854892730279401,-0.647799919880532,-0.371118158664435,1.66968033696861,1.92854526251022,2.26010623439529
"b_slp:era1989M2013425",0.382397371139176,0.667665832688897,-0.903325623663586,-0.676503952726829,-0.449202076288543,1.25198684183019,1.51827496319985,1.76736076121103
"b_slp:era1989M2013426",0.255650640828722,0.586402346302178,-0.903921963340068,-0.71041914763754,-0.478803565176265,0.996015266491844,1.20811230483505,1.40515889615867
"b_slp:era1989M2013427",0.207366546813367,0.552482180022856,-0.887686760343925,-0.68020393351357,-0.496888716345496,0.899585989490748,1.11098610243384,1.28203211335531
"b_slp:era1989M2013428",0.133039643576832,0.52052977591715,-0.917537685368791,-0.706743950368599,-0.532722515329213,0.806710887964897,0.960509436367752,1.18751130520304
"b_slp:era1989M2013429",0.183211502753336,0.481200059649336,-0.75396155660288,-0.601785143897468,-0.414710699840002,0.790230535642652,0.957147954178908,1.13806262580242
"b_slp:era1989M2013430",0.207631102164227,0.454352935132721,-0.715064747009701,-0.534512103739649,-0.368653853344204,0.794470920345697,0.944971768870705,1.09911541026711
"b_slp:era1989M2013431",0.134162430686398,0.451865723189825,-0.72492554505852,-0.592038990840997,-0.434267954172246,0.719793839128236,0.902161839396136,1.0368740736121
"b_slp:era1989M2013432",0.0945645824750163,0.410632955013417,-0.695276285369312,-0.595432103821964,-0.438975002629229,0.625378161198713,0.772454596786826,0.880228463400749
"b_slp:era1989M2013433",0.0461108517187708,0.407307303650901,-0.766164159862205,-0.627189569691333,-0.490822248992483,0.572986589560081,0.701921501488496,0.822679849297685
"b_slp:era1989M2013434",0.0800121605183827,0.398368847235279,-0.698879870223341,-0.552262666482332,-0.431665233426497,0.606562964578302,0.7359635004272,0.847783817258926
"b_slp:era1989M2013435",0.00893766780885711,0.410084036207737,-0.770369991817601,-0.662110770389847,-0.517829292690846,0.533051313957939,0.668626317817132,0.823894647441549
"b_slp:era1989M2013436",-0.0399476788805956,0.412886195147627,-0.849633326575427,-0.721024771201214,-0.573390752908207,0.482596842247265,0.630969389268614,0.815368087928638
"b_slp:era1989M2013437",-0.10858702591595,0.422709646923004,-0.955531218704305,-0.788302145273972,-0.646786277791957,0.427004424693758,0.567918558867906,0.705077213297575
"b_slp:era1989M2013438",-0.12573824218969,0.43077230244897,-0.952275382112665,-0.829582635721832,-0.676898580035989,0.4193323167655,0.597868910759743,0.718800048443806
"b_slp:era1989M2013439",-0.198122804801356,0.441615746618578,-1.0745162043045,-0.916633793673897,-0.770833815373503,0.360157783246845,0.538281314787674,0.688031195290758
"b_slp:era1989M2013440",-0.258837390524918,0.472767962697776,-1.14425843115891,-1.0169120011465,-0.8464706760652,0.355785076422957,0.51517779995059,0.674327989741121
"b_slp:era1989M2013441",0.0968072954682948,1.33846220243601,-2.51859572999907,-2.12629970071442,-1.59103281944918,1.78448811641256,2.39268366882331,2.72487959236649
"b_slp:era1989M2013442",0.563429069462318,1.00062242279284,-1.53929290546129,-1.15396609446308,-0.735872165998255,1.85497793939387,2.21301714809876,2.46970756494842
"b_slp:era1989M2013443",0.649288185475529,0.838628608234645,-0.995446306923673,-0.697588247436761,-0.411032822248775,1.70912362935489,1.99437497637234,2.27552010066744
"b_slp:era1989M2013444",0.413531899505395,0.806381024024904,-1.26847541164337,-0.943390543282187,-0.579272496118443,1.43720924765893,1.68960119303607,1.98311936338211
"b_slp:era1989M2013445",0.419856625520241,0.744072973636184,-1.08482571940202,-0.79038749535308,-0.518806631401129,1.37123753799065,1.66310821270074,1.85342061701264
"b_slp:era1989M2013446",0.328236776196384,0.682432403631603,-1.08020502820756,-0.816709937010676,-0.553546961742055,1.17464874931923,1.41261147067599,1.68558759472525
"b_slp:era1989M2013447",0.226167925430432,0.595918763712285,-0.94045734625207,-0.748003353661244,-0.548232613493204,0.989238226142274,1.20574694213895,1.40412891950397
"b_slp:era1989M2013448",0.12094408835669,0.527442758731724,-0.891359861564784,-0.762652806938977,-0.573689240397332,0.801369419470721,1.00735681373,1.17139403089797
"b_slp:era1989M2013449",0.131081745664348,0.504805971180328,-0.860937428290502,-0.694398890101965,-0.519255844961418,0.758037121201883,0.949956381574288,1.13469803303934
"b_slp:era1989M2013450",0.169034504385925,0.483414036861348,-0.799210836832967,-0.620140634507923,-0.434598045295882,0.780080868496744,0.963198347508466,1.12507823654228
"b_slp:era1989M2013451",0.216591951608978,0.469912653092486,-0.724339436560453,-0.556276434407469,-0.372627371424948,0.812957373393465,0.959716693776676,1.1415320799527
"b_slp:era1989M2013452",0.177119054693484,0.461299461651127,-0.685966274017845,-0.569980168661754,-0.420934200988863,0.773213996937911,0.947850559356837,1.10516232676261
"b_slp:era1989M2013453",0.11089268333064,0.415031478245631,-0.699422291827287,-0.569305597459845,-0.417367926493971,0.644572933062018,0.824676396589671,0.950905355016266
"b_slp:era1989M2013454",0.0425849289459295,0.419660497214853,-0.79704774967192,-0.64841236225583,-0.491712780105678,0.574742760534596,0.736502471993435,0.84596092906856
"b_slp:era1989M2013455",0.0522984779291449,0.401701935051262,-0.748854216437869,-0.609343084300405,-0.468006345546713,0.559013237834749,0.721055200322612,0.840144701494244
"b_slp:era1989M2013456",0.0651207870908144,0.408977290346978,-0.751221705853487,-0.620141274169967,-0.444389870946649,0.565612742226145,0.759807274234705,0.893220409874471
"b_slp:era1989M2013457",-0.0403049398659647,0.422589905992542,-0.887684490271336,-0.746658535484931,-0.589740517604029,0.487609036271067,0.641653048989455,0.751618515306141
"b_slp:era1989M2013458",-0.108881304901326,0.441726828376078,-0.961560007520392,-0.832009502009935,-0.659896317365541,0.459861055571844,0.623234330114901,0.756986994023705
"b_slp:era1989M2013459",-0.166794487883425,0.450530979468197,-1.05274385114454,-0.920796200082912,-0.752911746222712,0.416013322828732,0.58333629602483,0.712807709502225
"b_slp:era1989M2013460",-0.166537967641312,0.441804734247357,-1.04638504076936,-0.907437647552816,-0.740686844725524,0.388026447942858,0.545888479900404,0.664785982590206
"b_slp:era1989M2013461",-0.258837390524918,0.472767962697776,-1.14425843115891,-1.0169120011465,-0.8464706760652,0.355785076422957,0.51517779995059,0.674327989741121
"b_slp:era1989M2013462",-0.0460874873309259,1.35264851923848,-2.80626803599873,-2.27658336435596,-1.73992069449249,1.65483313652482,2.10623457638862,2.51199030492696
"b_slp:era1989M2013463",0.458638142719153,1.08861190985893,-1.62583643119922,-1.3511326075287,-0.964707280539011,1.8798024115824,2.21012090736087,2.50183442678318
"b_slp:era1989M2013464",0.46273345826621,0.872653870270152,-1.2407256155814,-0.952842536677299,-0.639187535758348,1.58643309618248,1.89770384594191,2.0956788712699
"b_slp:era1989M2013465",0.255809359200448,0.818473458256174,-1.3181309441123,-1.08979615309927,-0.813613472824233,1.29897068960388,1.588399567665,1.76563292079205
"b_slp:era1989M2013466",0.269444891135403,0.755953160600496,-1.22790769443243,-1.00835663672437,-0.671728948551639,1.22419625377323,1.49324317779599,1.71243479322398
"b_slp:era1989M2013467",0.251468674300709,0.678169914423231,-1.09036569462858,-0.860953211090806,-0.604649625808288,1.13348441027499,1.36281872291797,1.5953525944708
"b_slp:era1989M2013468",0.187560395787919,0.605561378106031,-0.984940161678247,-0.813262227337264,-0.563283900725368,0.955534309927492,1.20228810802224,1.37935064886639
"b_slp:era1989M2013469",0.124441142958506,0.547721879133011,-1.04208916002509,-0.787710777733706,-0.569875953035449,0.817232896067829,0.996234063430935,1.16003612241787
"b_slp:era1989M2013470",0.0570380287572724,0.518216899568063,-0.953986491289168,-0.759781818691659,-0.597746288911675,0.718518989799466,0.939769034048978,1.07504449870959
"b_slp:era1989M2013471",0.133519508003083,0.49004079595302,-0.826755568575014,-0.700464474729649,-0.488744104022058,0.746966983962765,0.923791129850267,1.06170835483009
"b_slp:era1989M2013472",0.206371339814464,0.469964132452604,-0.75163674504623,-0.588719186056768,-0.420940052550796,0.792486235571541,0.948390441472956,1.07560355032669
"b_slp:era1989M2013473",0.176644881369103,0.446994874941607,-0.690814213221717,-0.54420182048345,-0.394832465588333,0.754524536750509,0.912756916120547,1.09546770231794
"b_slp:era1989M2013474",0.108448704486017,0.405289399356747,-0.663092207288594,-0.553764691493391,-0.415000879816384,0.607040142949591,0.766284601910878,0.891980961981842
"b_slp:era1989M2013475",0.0572596991655527,0.405614561017398,-0.69942845704331,-0.602136489116387,-0.471138506322981,0.58315766796882,0.736729844747592,0.855328512536322
"b_slp:era1989M2013476",0.094114138194317,0.398170322122856,-0.677234227812735,-0.540395741953271,-0.406205978909099,0.598145968428058,0.755466277231487,0.883635599239301
"b_slp:era1989M2013477",0.0740955922955542,0.397711022632996,-0.72244924745346,-0.564158162295358,-0.433381157695166,0.577782903181788,0.714957819246717,0.831556259599703
"b_slp:era1989M2013478",-0.0245974570063696,0.416150688553951,-0.845871118295702,-0.711116524669193,-0.564670624085003,0.515744383385425,0.646837758681034,0.788490852988938
"b_slp:era1989M2013479",-0.100743839197356,0.431975533339883,-0.965686582378269,-0.800872152612317,-0.658684199415981,0.432301215840633,0.588246918691417,0.710465365900311
"b_slp:era1989M2013480",-0.161679065774932,0.418517129183562,-0.983813315123991,-0.864994078512927,-0.694036469394755,0.393110190884132,0.534658235633498,0.664654734835433
"b_slp:era1989M2013481",-0.170113212030694,0.454138467258494,-1.05127891151731,-0.898605701537795,-0.736959273568531,0.403891021833143,0.578337362247363,0.730539886503323
"b_slp:era1989M2013482",-0.258837390524918,0.472767962697776,-1.14425843115891,-1.0169120011465,-0.8464706760652,0.355785076422957,0.51517779995059,0.674327989741121
"b_slp:era1989M2013483",-0.159525707258807,1.31513411704643,-2.70698648243348,-2.29320872892953,-1.76827864143283,1.54129006656854,2.0094154297763,2.38597310084561
"b_slp:era1989M2013484",0.389744356516174,1.25895109840372,-2.10461436012861,-1.63846764452978,-1.22562715697465,1.97274874239061,2.49878169812405,2.89665426257437
"b_slp:era1989M2013485",0.323913681665766,1.03317154722045,-1.65316381755507,-1.3618851334601,-1.00616265627475,1.64993089262852,1.99873366284344,2.36407312406484
"b_slp:era1989M2013486",0.0803184142231334,0.880423214743162,-1.70485210236993,-1.29156988041339,-1.02340035475082,1.21244936028437,1.55606057576589,1.86377291857758
"b_slp:era1989M2013487",0.0630401731485563,0.777343715931821,-1.43017529491179,-1.21718174844976,-0.903418119448967,1.04448514113329,1.41991255427215,1.6445672687394
"b_slp:era1989M2013488",0.167090471112023,0.686542499523433,-1.12559468573419,-0.940383951520737,-0.699927836220774,1.05633800459513,1.36371789882067,1.55488207741135
"b_slp:era1989M2013489",0.136248104294918,0.648382458643134,-1.11719042011415,-0.934590246659128,-0.697557862645805,0.988254314912732,1.1966281115883,1.42281842200834
"b_slp:era1989M2013490",0.119928153782647,0.581414509937917,-0.980440752342106,-0.779936906908841,-0.591267021909355,0.857139722109474,1.0960889064487,1.27777779988697
"b_slp:era1989M2013491",0.0650738519643332,0.52217664288191,-0.947209394242912,-0.764138108069161,-0.600435547859552,0.725561987256815,0.918840817069366,1.08804240966655
"b_slp:era1989M2013492",0.11507039230747,0.502927428344789,-0.886666546727931,-0.741637238929576,-0.536548632354207,0.749954865242342,0.938260328848916,1.09185811992271
"b_slp:era1989M2013493",0.179534938639383,0.482921219514585,-0.742132345846283,-0.601334117555272,-0.427735762385682,0.788490610646269,0.972932095638886,1.10856638156354
"b_slp:era1989M2013494",0.163603912404787,0.461059820356187,-0.711046584304781,-0.557416563508163,-0.417174291778597,0.759630173593232,0.937891723269684,1.06408613151053
"b_slp:era1989M2013495",0.118796112660011,0.447141342806348,-0.731321470682312,-0.604429664993841,-0.453558727290775,0.707249930716485,0.845340622767186,1.03176719855998
"b_slp:era1989M2013496",0.0797259958850552,0.422096044074874,-0.738082112904539,-0.608741891980941,-0.4499900666901,0.623038976676059,0.778449363547995,0.925599411164289
"b_slp:era1989M2013497",0.120152874471784,0.420407973880248,-0.736892522723721,-0.588461087246175,-0.415115986274311,0.663059833768146,0.802667094342534,0.935690979048574
"b_slp:era1989M2013498",0.112783240426189,0.4113478407426,-0.714644242978527,-0.587842218895344,-0.413728169194571,0.630501978121153,0.75730877819952,0.867972561502686
"b_slp:era1989M2013499",-0.0233278302934846,0.411541559865491,-0.806677381728929,-0.699315948854094,-0.545283683502647,0.499938206672562,0.669093188398476,0.813073974284286
"b_slp:era1989M2013500",-0.106794733214365,0.414641196474212,-0.889841930602613,-0.765880738417918,-0.627890812520363,0.436503205693741,0.585570837090986,0.700222102717273
"b_slp:era1989M2013501",-0.163376396643225,0.435891830295288,-1.02654881931771,-0.894091738807068,-0.7166566664595,0.385597372174566,0.535358644122703,0.653706718477206
"b_slp:era1989M2013502",-0.189380736381522,0.443212466272619,-1.03739764236259,-0.901013977562731,-0.737697526343196,0.360020020856402,0.548643751957113,0.716351674540363
"b_slp:era1989M2013503",-0.258837390524918,0.472767962697776,-1.14425843115891,-1.0169120011465,-0.8464706760652,0.355785076422957,0.51517779995059,0.674327989741121
"b_slp:era1989M2013504",-0.0383847058252746,1.32130306902051,-2.63799816849781,-2.22415015772045,-1.75266030984202,1.64068747192225,2.12191083404663,2.59820347977354
"b_slp:era1989M2013505",0.310253186630769,1.25208661790604,-2.03143108641842,-1.70143483292765,-1.27232762326992,1.96075544576331,2.46588370126012,2.74070783389202
"b_slp:era1989M2013506",0.194315528073761,1.12898822220079,-2.00900697859017,-1.68368393301722,-1.1921118405731,1.6825103011253,2.10743648528799,2.53872255672267
"b_slp:era1989M2013507",-0.0606459664377321,0.958544844771403,-1.87378885865292,-1.58557898649216,-1.2658931113358,1.14230705229575,1.53087238854174,1.90735172678352
"b_slp:era1989M2013508",-0.084210129586182,0.7775677485251,-1.56285927819809,-1.33188963435065,-1.08193741376735,0.917899350519413,1.22895320344114,1.498156083266
"b_slp:era1989M2013509",0.0542039656084821,0.698127142490174,-1.36450854743398,-1.11177911866113,-0.83714027966178,0.939113494216296,1.16965335903134,1.39316959903822
"b_slp:era1989M2013510",0.0391790595206561,0.612053297282001,-1.1648772158073,-0.959658307694755,-0.730683216928913,0.825206045428291,1.03999275526464,1.23155471912008
"b_slp:era1989M2013511",0.110680943473599,0.596292300920547,-1.1119005076492,-0.938476569187535,-0.665053135561789,0.84206301865596,1.06168885777239,1.22168544853228
"b_slp:era1989M2013512",0.110194077091684,0.525235797707116,-0.989074480515916,-0.770516515691678,-0.530034343654224,0.771583828233988,0.976874495499384,1.15456151054832
"b_slp:era1989M2013513",0.154452289597423,0.521324039856285,-0.877008416905855,-0.702961009856307,-0.514115413270306,0.815136716743801,1.00323504539372,1.15387922536699
"b_slp:era1989M2013514",0.169934088623401,0.487417127453483,-0.768948770472915,-0.623090862814753,-0.460985689250219,0.770987601821367,0.996720122148749,1.16282355407043
"b_slp:era1989M2013515",0.176698669010449,0.466453371022764,-0.783313260764224,-0.589205651864852,-0.420368699584319,0.774850439133771,0.924001411233197,1.08297062846494
"b_slp:era1989M2013516",0.16464385904774,0.424072026344774,-0.647657889720789,-0.531620876987143,-0.379947707211466,0.723557305157003,0.868025865079054,0.989155170224628
"b_slp:era1989M2013517",0.109800220981329,0.432844941913566,-0.73330678213677,-0.579405058641534,-0.428144119227954,0.650765550550216,0.812763462389485,0.957793448495067
"b_slp:era1989M2013518",0.117656069888825,0.40108456550628,-0.691736988645473,-0.554026671611362,-0.382860372143241,0.626142491802789,0.775073092884604,0.886509019917344
"b_slp:era1989M2013519",0.107442479719494,0.395095378337259,-0.686434451328182,-0.537102154444029,-0.392050894554382,0.60780907639716,0.747623716736456,0.86443128899171
"b_slp:era1989M2013520",-0.0217476339049371,0.407515938463654,-0.826376187409014,-0.678936635823793,-0.521687430821313,0.491965045838989,0.643783049674258,0.777952846571275
"b_slp:era1989M2013521",-0.103313940303652,0.411014118202297,-0.903997282315329,-0.796069161071606,-0.635084341566368,0.434106717278972,0.590438386088155,0.706926672431113
"b_slp:era1989M2013522",-0.128608736791109,0.413620595247871,-0.963000944603204,-0.803188767022619,-0.661331384277276,0.394059939749323,0.532247058811972,0.661119097867654
"b_slp:era1989M2013523",-0.182632510244851,0.442240205850717,-1.01661022920142,-0.888951625406432,-0.76531574217443,0.392603145780805,0.562071686590709,0.671750940222913
"b_slp:era1989M2013524",-0.258837390524918,0.472767962697776,-1.14425843115891,-1.0169120011465,-0.8464706760652,0.355785076422957,0.51517779995059,0.674327989741121
"b_slp:era1989M2013525",-0.308251335000043,1.33055675903897,-2.93097758011793,-2.5000237176395,-2.04126487518391,1.3637706572114,1.87795407134016,2.31748828415967
"b_slp:era1989M2013526",0.0587022528659872,1.22280166133383,-2.29997260040118,-1.85956282033309,-1.44170827120073,1.63043909469208,2.12230509025633,2.54800271076592
"b_slp:era1989M2013527",0.139665108041658,1.20397141510424,-2.16509833731581,-1.80932548571888,-1.40447232845717,1.71999582722372,2.12959653063109,2.54335802728579
"b_slp:era1989M2013528",-0.135278542275654,0.925780135831415,-1.93864731776413,-1.65716077316975,-1.34969427082143,1.04747547093774,1.36913982671307,1.67877494256488
"b_slp:era1989M2013529",-0.196271333902694,0.796019192718052,-1.788157125174,-1.50944207100661,-1.21200528203664,0.797317900801794,1.07330068717177,1.33413971053447
"b_slp:era1989M2013530",-0.127075249400577,0.701506422266854,-1.52973761828349,-1.27893592939058,-1.02799298263689,0.78491500920809,1.01421653078825,1.20550382126891
"b_slp:era1989M2013531",-0.0332584331870832,0.629242355390982,-1.28144088615099,-1.08317659064091,-0.869447915349253,0.770887017419388,0.970091538529426,1.21135960829077
"b_slp:era1989M2013532",0.0633553883430078,0.601061326416319,-1.1014040545525,-0.910421517270766,-0.660686433843022,0.828333317559121,1.05521640853253,1.31066294978814
"b_slp:era1989M2013533",0.081692808773355,0.571842918680876,-1.07169130965119,-0.867928426229341,-0.651538017066001,0.782332602068412,1.00353633970723,1.17016667593089
"b_slp:era1989M2013534",0.200498729762284,0.516301347240051,-0.828092725311568,-0.652055517049775,-0.462310875942695,0.848498417563331,1.04721475917479,1.19845565955795
"b_slp:era1989M2013535",0.235892684882944,0.501679507565707,-0.757599789133385,-0.611335039675084,-0.424113724369357,0.887817571966156,1.0422131824036,1.18762524290814
