"","year","month","est.PDO","real.pdo"
"1",1900,"Jan",0.776092117810968,0.04
"2",1900,"Feb",0.330513213765339,1.32
"3",1900,"Mar",0.695067301892401,0.49
"4",1900,"Apr",1.72758212034067,0.35
"5",1900,"May",1.41646513879413,0.77
"6",1900,"Jun",0.969128833862342,0.65
"7",1900,"Jul",0.873899329892502,0.95
"8",1900,"Aug",1.12044561062859,0.14
"9",1900,"Sep",-0.167146568940812,-0.24
"10",1900,"Oct",0.243309822571037,0.23
"11",1900,"Nov",0.51114461368859,-0.44
"12",1900,"Dec",0.668167101335607,1.19
"13",1901,"Jan",1.03790084940762,0.79
"14",1901,"Feb",0.588559428831418,-0.12
"15",1901,"Mar",-0.37365652111734,0.35
"16",1901,"Apr",-0.497658198129834,0.61
"17",1901,"May",-0.87312888703643,-0.42
"18",1901,"Jun",-0.982690129950831,-0.05
"19",1901,"Jul",-1.33677940103937,-0.6
"20",1901,"Aug",-0.377758733391251,-1.2
"21",1901,"Sep",0.250927616001074,-0.33
"22",1901,"Oct",0.578755552417068,0.16
"23",1901,"Nov",-0.0210177984563106,-0.6
"24",1901,"Dec",0.430105821036607,-0.14
"25",1902,"Jan",1.0853529254801,0.82
"26",1902,"Feb",0.520956436157212,1.58
"27",1902,"Mar",0.587051763933664,0.48
"28",1902,"Apr",0.72807963574898,1.37
"29",1902,"May",1.13050086323901,1.09
"30",1902,"Jun",1.92625980432808,0.52
"31",1902,"Jul",2.720962286123,1.58
"32",1902,"Aug",1.50538902235081,1.57
"33",1902,"Sep",0.762361651454586,0.44
"34",1902,"Oct",0.967464420104111,0.7
"35",1902,"Nov",0.728244309325535,0.16
"36",1902,"Dec",0.689837822501647,-1.1
"37",1903,"Jan",0.154845246908155,0.86
"38",1903,"Feb",0.120410972507229,-0.24
"39",1903,"Mar",-0.0845068316349079,-0.22
"40",1903,"Apr",-0.920607198492647,-0.5
"41",1903,"May",-0.490933448131237,0.43
"42",1903,"Jun",-0.339542513632626,0.23
"43",1903,"Jul",0.956114518216055,0.4
"44",1903,"Aug",0.985946516272913,1.01
"45",1903,"Sep",0.556834756735494,-0.24
"46",1903,"Oct",0.656869474562667,0.18
"47",1903,"Nov",-0.122272469418151,0.08
"48",1903,"Dec",0.260162483367021,-0.03
"49",1904,"Jan",1.30626906272232,0.63
"50",1904,"Feb",0.611901555108538,-0.91
"51",1904,"Mar",0.711846414528459,-0.71
"52",1904,"Apr",0.274302325435757,-0.07
"53",1904,"May",0.426839004247648,-0.22
"54",1904,"Jun",0.0256236282570658,-1.53
"55",1904,"Jul",-0.0238813378363043,-1.58
"56",1904,"Aug",1.41232850589236,-0.64
"57",1904,"Sep",2.0567506604268,0.06
"58",1904,"Oct",1.85262801007249,0.43
"59",1904,"Nov",1.64670482526493,1.45
"60",1904,"Dec",2.73812702831056,0.06
"61",1905,"Jan",2.59590507664842,0.73
"62",1905,"Feb",1.29918225450662,0.91
"63",1905,"Mar",0.77397092228587,1.31
"64",1905,"Apr",1.59809793375123,1.59
"65",1905,"May",1.19464489301085,-0.07
"66",1905,"Jun",1.39877987900383,0.69
"67",1905,"Jul",2.0943963042957,0.85
"68",1905,"Aug",2.06537005021495,1.26
"69",1905,"Sep",1.85761510702321,-0.03
"70",1905,"Oct",-0.49861355127283,-0.15
"71",1905,"Nov",0.791911322685982,1.11
"72",1905,"Dec",-1.18752000710471,-0.5
"73",1906,"Jan",0.933264383099627,0.92
"74",1906,"Feb",1.21647042139711,1.18
"75",1906,"Mar",0.602504551681599,0.83
"76",1906,"Apr",0.771685539911807,0.74
"77",1906,"May",1.15871990750469,0.44
"78",1906,"Jun",0.61969700084837,1.24
"79",1906,"Jul",1.24079564134422,0.09
"80",1906,"Aug",1.37462277514392,-0.53
"81",1906,"Sep",0.513408590992187,-0.31
"82",1906,"Oct",1.12389419815971,0.08
"83",1906,"Nov",1.01428698297147,1.69
"84",1906,"Dec",-0.242148527657679,-0.54
"85",1907,"Jan",-0.781827703456455,-0.3
"86",1907,"Feb",-0.689984216671459,-0.32
"87",1907,"Mar",-2.01189667367015,-0.19
"88",1907,"Apr",-1.47697257435653,-0.16
"89",1907,"May",0.0944110161397874,0.16
"90",1907,"Jun",0.702377353249039,0.57
"91",1907,"Jul",0.356488001624903,0.63
"92",1907,"Aug",-0.338621093730213,-0.96
"93",1907,"Sep",0.758204255380207,-0.23
"94",1907,"Oct",1.66195158128945,0.84
"95",1907,"Nov",1.54694827339971,0.66
"96",1907,"Dec",1.45758799694378,0.72
"97",1908,"Jan",1.37352881560666,1.36
"98",1908,"Feb",1.56744856302698,1.02
"99",1908,"Mar",0.647251922568391,0.67
"100",1908,"Apr",0.164189086637015,0.23
"101",1908,"May",0.2391986028738,0.23
"102",1908,"Jun",0.304579307638486,0.41
"103",1908,"Jul",0.2383986878389,0.6
"104",1908,"Aug",-0.382446047344967,-1.04
"105",1908,"Sep",0.745552750370473,-0.16
"106",1908,"Oct",0.90311611035193,-0.41
"107",1908,"Nov",1.68539584450052,0.47
"108",1908,"Dec",1.1387277393294,1.16
"109",1909,"Jan",0.496320320810675,0.23
"110",1909,"Feb",0.682071069985861,1.01
"111",1909,"Mar",0.717034096993076,0.54
"112",1909,"Apr",0.352237314035877,0.24
"113",1909,"May",0.054110297339871,-0.39
"114",1909,"Jun",-0.51308925179546,-0.64
"115",1909,"Jul",-1.27248722075137,-0.39
"116",1909,"Aug",-2.06487017786081,-0.68
"117",1909,"Sep",-1.83204251423033,-0.89
"118",1909,"Oct",-1.23626740083291,-0.02
"119",1909,"Nov",-1.37320231982552,-0.4
"120",1909,"Dec",-2.21578334961546,-0.01
"121",1910,"Jan",-1.35666753998663,-0.25
"122",1910,"Feb",-0.874913258690668,-0.7
"123",1910,"Mar",-0.577766739389652,0.18
"124",1910,"Apr",-1.63490233447826,-0.37
"125",1910,"May",-2.05834461929417,-0.06
"126",1910,"Jun",-0.437325085538761,-0.28
"127",1910,"Jul",-0.322907314799644,0.03
"128",1910,"Aug",-0.651173631440722,-0.06
"129",1910,"Sep",0.846285273695977,0.4
"130",1910,"Oct",-0.962917894023743,-0.66
"131",1910,"Nov",-0.648747320612585,0.02
"132",1910,"Dec",-0.0103269100390781,0.84
"133",1911,"Jan",-0.478869078547501,-1.11
"134",1911,"Feb",-1.04833369734379,0
"135",1911,"Mar",-1.08329328846412,-0.78
"136",1911,"Apr",-0.344225853394486,-0.73
"137",1911,"May",-0.781392676479362,0.17
"138",1911,"Jun",-1.3759905931878,0.02
"139",1911,"Jul",-0.494999007782504,0.48
"140",1911,"Aug",0.0639820207248062,0.43
"141",1911,"Sep",0.0883687348166706,0.29
"142",1911,"Oct",0.0656965842131664,0.2
"143",1911,"Nov",-0.230081064171384,-0.86
"144",1911,"Dec",-0.934115265449996,0.01
"145",1912,"Jan",-0.244121819504607,-1.72
"146",1912,"Feb",0.135709552491846,-0.23
"147",1912,"Mar",-0.153171873230629,-0.04
"148",1912,"Apr",-0.100407396573695,-0.38
"149",1912,"May",0.161605751457634,-0.02
"150",1912,"Jun",0.498418705985203,0.77
"151",1912,"Jul",0.39633037111332,1.07
"152",1912,"Aug",0.596977745055204,-0.84
"153",1912,"Sep",1.17588801501509,0.94
"154",1912,"Oct",0.852770889723443,0.56
"155",1912,"Nov",-0.0414624626487133,0.74
"156",1912,"Dec",0.000355432935607616,0.98
"157",1913,"Jan",-0.0358242384273693,-0.03
"158",1913,"Feb",0.464458616512247,0.34
"159",1913,"Mar",0.1232416115331,0.06
"160",1913,"Apr",-0.341342785961115,-0.92
"161",1913,"May",0.26444114113048,0.66
"162",1913,"Jun",0.249031596992959,1.43
"163",1913,"Jul",0.793367658444796,1.06
"164",1913,"Aug",1.24235735895857,1.29
"165",1913,"Sep",0.794098368281581,0.73
"166",1913,"Oct",0.522269016748337,0.62
"167",1913,"Nov",0.403677251278872,0.75
"168",1913,"Dec",-0.00480493080366528,0.9
"169",1914,"Jan",-0.419380134805076,0.34
"170",1914,"Feb",-0.150571851458672,-0.29
"171",1914,"Mar",0.217884303531815,0.08
"172",1914,"Apr",0.778209759283431,1.2
"173",1914,"May",0.640894545808476,0.11
"174",1914,"Jun",-0.709297805156005,0.11
"175",1914,"Jul",-0.67537103388381,-0.21
"176",1914,"Aug",-0.560020211714039,0.11
"177",1914,"Sep",-0.75724216573165,-0.34
"178",1914,"Oct",-0.24363306617027,-0.11
"179",1914,"Nov",0.0481155684396044,0.03
"180",1914,"Dec",0.218052724578228,0.89
"181",1915,"Jan",-0.217781859388776,-0.41
"182",1915,"Feb",-0.186667596648094,0.14
"183",1915,"Mar",0.654955942651093,-1.22
"184",1915,"Apr",1.29051611358725,1.4
"185",1915,"May",1.38034465086822,0.32
"186",1915,"Jun",1.38586294037084,0.99
"187",1915,"Jul",1.44431793179165,1.07
"188",1915,"Aug",0.867749605315706,0.27
"189",1915,"Sep",0.456135093131527,-0.05
"190",1915,"Oct",-0.751476011105026,-0.43
"191",1915,"Nov",-0.941693235085444,-0.12
"192",1915,"Dec",-0.543532140667367,0.17
"193",1916,"Jan",-1.13370760214757,-0.64
"194",1916,"Feb",-1.17238760780198,-0.19
"195",1916,"Mar",-1.08424948855943,-0.11
"196",1916,"Apr",-0.573252019348905,0.35
"197",1916,"May",-0.521739188296143,0.42
"198",1916,"Jun",-1.48586647047895,-0.82
"199",1916,"Jul",-1.27011820605902,-0.78
"200",1916,"Aug",-1.59017489729772,-0.73
"201",1916,"Sep",-1.45226636021889,-0.77
"202",1916,"Oct",-1.3740712496303,-0.22
"203",1916,"Nov",-2.01702239925499,-0.68
"204",1916,"Dec",-2.00339405382892,-1.94
"205",1917,"Jan",-1.5155054415425,-0.79
"206",1917,"Feb",-1.36207616285178,-0.84
"207",1917,"Mar",-1.6218131765462,-0.71
"208",1917,"Apr",-1.61248402875709,-0.34
"209",1917,"May",-1.14402731842746,0.82
"210",1917,"Jun",-0.947392170530259,-0.03
"211",1917,"Jul",-0.762064238489092,0.1
"212",1917,"Aug",-0.54216852221472,-0.22
"213",1917,"Sep",-0.786303874987355,-0.4
"214",1917,"Oct",-0.999016204296548,-1.75
"215",1917,"Nov",-0.792671456113196,-0.34
"216",1917,"Dec",-0.780779674851588,-0.6
"217",1918,"Jan",-0.00208542470549265,-1.13
"218",1918,"Feb",-0.307112243676245,-0.66
"219",1918,"Mar",-0.713691867049617,-1.15
"220",1918,"Apr",-0.454740549435696,-0.32
"221",1918,"May",-0.992410035313845,-0.33
"222",1918,"Jun",-0.856122130890139,0.07
"223",1918,"Jul",-0.25320577687395,0.98
"224",1918,"Aug",0.0164743419300694,-0.31
"225",1918,"Sep",0.315761742474784,-0.59
"226",1918,"Oct",1.25666949424392,0.61
"227",1918,"Nov",1.16229799085197,0.34
"228",1918,"Dec",0.256922625399956,0.86
"229",1919,"Jan",0.0928331311903394,-1.07
"230",1919,"Feb",-0.0328062774903951,1.31
"231",1919,"Mar",-0.354728670588522,-0.5
"232",1919,"Apr",-0.3453706953251,0.08
"233",1919,"May",-0.95718393959411,0.17
"234",1919,"Jun",-1.42592015354275,-0.71
"235",1919,"Jul",-1.60191769180118,-0.47
"236",1919,"Aug",-0.66368262030064,0.38
"237",1919,"Sep",-0.275075402318255,0.06
"238",1919,"Oct",-0.497255994271929,-0.42
"239",1919,"Nov",-0.525910188778287,-0.8
"240",1919,"Dec",-0.258695543617027,0.76
"241",1920,"Jan",-1.2934279587834,-1.18
"242",1920,"Feb",-0.840413734041314,0.06
"243",1920,"Mar",-0.704367464647435,-0.78
"244",1920,"Apr",-0.850973970845415,-1.29
"245",1920,"May",-0.893494009609515,-0.97
"246",1920,"Jun",-1.10184205472929,-1.3
"247",1920,"Jul",-1.22375225444444,-0.9
"248",1920,"Aug",-1.88546475930009,-2.21
"249",1920,"Sep",-1.86092303200333,-1.28
"250",1920,"Oct",-1.66123116588521,-1.06
"251",1920,"Nov",-0.399224613617433,-0.26
"252",1920,"Dec",-0.52866883228503,0.29
"253",1921,"Jan",-1.02315474238764,-0.66
"254",1921,"Feb",-1.28776508848092,-0.61
"255",1921,"Mar",-0.387539976884382,-0.01
"256",1921,"Apr",-1.32343920730147,-0.93
"257",1921,"May",-1.18323674389049,-0.42
"258",1921,"Jun",-1.0788593946324,0.4
"259",1921,"Jul",-1.36091832163237,-0.58
"260",1921,"Aug",-1.39977803987227,-0.69
"261",1921,"Sep",-0.936775070688583,-0.78
"262",1921,"Oct",-1.16873032631327,-0.23
"263",1921,"Nov",-0.876054915058545,1.92
"264",1921,"Dec",-0.189778389878374,1.42
"265",1922,"Jan",-0.0952816766113216,1.05
"266",1922,"Feb",-0.809977998751076,-0.85
"267",1922,"Mar",-1.16627853692278,0.08
"268",1922,"Apr",-1.37959457378989,0.43
"269",1922,"May",-1.51886721322943,-0.19
"270",1922,"Jun",-0.936142082992814,-1.04
"271",1922,"Jul",-0.662257504874213,-0.82
"272",1922,"Aug",-0.221485758242213,-0.93
"273",1922,"Sep",-0.204629045701841,-0.81
"274",1922,"Oct",-0.0775454648842279,0.84
"275",1922,"Nov",-0.428354891247178,-0.6
"276",1922,"Dec",0.222960003835211,0.48
"277",1923,"Jan",-0.00077614735124817,0.75
"278",1923,"Feb",-0.731287615710354,-0.04
"279",1923,"Mar",-0.743160994787552,0.49
"280",1923,"Apr",-0.323594584903043,0.99
"281",1923,"May",0.284397117433141,-0.2
"282",1923,"Jun",-0.805284227338085,0.68
"283",1923,"Jul",0.481284115015132,1.16
"284",1923,"Aug",0.349451627796433,0.84
"285",1923,"Sep",-0.00391785781602413,-0.24
"286",1923,"Oct",0.275728519236607,1.1
"287",1923,"Nov",-0.161913844990236,0.62
"288",1923,"Dec",-0.0958164055215191,-0.36
"289",1924,"Jan",-0.71010096969357,1.29
"290",1924,"Feb",-0.582259163866363,0.73
"291",1924,"Mar",-0.369974618270047,1.13
"292",1924,"Apr",-0.809082517892896,-0.02
"293",1924,"May",-0.230208369006397,0.36
"294",1924,"Jun",-0.289399680632881,0.75
"295",1924,"Jul",-0.560982507795092,-0.55
"296",1924,"Aug",-0.804708915551652,-0.67
"297",1924,"Sep",-1.38509749403533,-0.48
"298",1924,"Oct",-1.7799027898442,-1.25
"299",1924,"Nov",-1.24557774970642,0.24
"300",1924,"Dec",-0.417137101834143,0.11
"301",1925,"Jan",-1.03142055623234,-0.05
"302",1925,"Feb",-0.651308357202241,-0.14
"303",1925,"Mar",-0.591527789046713,0.2
"304",1925,"Apr",-1.06585231496717,0.86
"305",1925,"May",-0.297909872392026,0.79
"306",1925,"Jun",-0.708573258802181,-1.08
"307",1925,"Jul",-0.570527970954401,-0.06
"308",1925,"Aug",-0.277441663582458,-0.86
"309",1925,"Sep",0.368555805258857,0.52
"310",1925,"Oct",0.616537318048436,0.04
"311",1925,"Nov",1.29002504085819,0.88
"312",1925,"Dec",0.527319335667959,1.19
"313",1926,"Jan",0.805064833443212,0.3
"314",1926,"Feb",1.12346327921664,0.98
"315",1926,"Mar",1.14884783165307,-0.5
"316",1926,"Apr",1.617655609855,2.1
"317",1926,"May",2.12347963572774,1.43
"318",1926,"Jun",1.449440508415,2.03
"319",1926,"Jul",2.10583353057015,1.05
"320",1926,"Aug",1.95331261855221,1.64
"321",1926,"Sep",2.03311093061131,1.18
"322",1926,"Oct",1.97628498186757,1.65
"323",1926,"Nov",2.44572047749975,1
"324",1926,"Dec",2.11415305499768,1.06
"325",1927,"Jan",0.871871834945691,1.07
"326",1927,"Feb",1.19560331066786,1.73
"327",1927,"Mar",0.857602875134084,0.15
"328",1927,"Apr",0.0682416987114878,-0.18
"329",1927,"May",-0.000860536700666301,0.3
"330",1927,"Jun",0.466831343023506,0.69
"331",1927,"Jul",-0.0143647949206878,-0.31
"332",1927,"Aug",-0.120850650715865,-0.73
"333",1927,"Sep",0.34307281377865,-0.41
"334",1927,"Oct",-0.336958955486186,-0.62
"335",1927,"Nov",-0.290342679983863,-0.07
"336",1927,"Dec",-0.135197898416679,0.07
"337",1928,"Jan",0.212188689064714,0.96
"338",1928,"Feb",0.578941335403237,0.79
"339",1928,"Mar",0.738851814186948,0.52
"340",1928,"Apr",0.382966043402674,0.81
"341",1928,"May",0.534184605196421,0.66
"342",1928,"Jun",0.949302126183053,0.15
"343",1928,"Jul",-0.408787986975216,0.3
"344",1928,"Aug",-0.57362209039692,-0.72
"345",1928,"Sep",-1.2817661346622,-1.41
"346",1928,"Oct",-0.752432097140503,-1.31
"347",1928,"Nov",0.262742729273821,0.14
"348",1928,"Dec",0.427035752275033,0.98
"349",1929,"Jan",0.728973778023051,0.97
"350",1929,"Feb",0.420530509407706,0.52
"351",1929,"Mar",0.177984657809131,0.5
"352",1929,"Apr",0.339839135450038,0.55
"353",1929,"May",0.378839622261148,1.07
"354",1929,"Jun",0.592537081716037,0.5
"355",1929,"Jul",0.0853272977540951,-0.06
"356",1929,"Aug",0.149128086036996,-0.69
"357",1929,"Sep",1.03284765581206,0.45
"358",1929,"Oct",1.08591632631545,-0.21
"359",1929,"Nov",0.606552635669973,1.24
"360",1929,"Dec",1.4801849812986,-0.03
"361",1930,"Jan",1.13241198506856,0.97
"362",1930,"Feb",0.551016448331804,-1.06
"363",1930,"Mar",0.378393151423218,-0.43
"364",1930,"Apr",0.278322937476544,-0.7
"365",1930,"May",0.240890980141062,0.06
"366",1930,"Jun",0.169369632079524,0.58
"367",1930,"Jul",0.157607009082122,-0.45
"368",1930,"Aug",0.0667443833971198,-0.53
"369",1930,"Sep",0.556581731062218,-0.2
"370",1930,"Oct",0.259563834459935,-0.38
"371",1930,"Nov",-0.0942361731822596,-0.31
"372",1930,"Dec",0.829839257337802,1.2
"373",1931,"Jan",1.03397928417643,0.08
"374",1931,"Feb",1.05052294247904,1.56
"375",1931,"Mar",1.16391523837291,1.13
"376",1931,"Apr",1.38789201371147,1.28
"377",1931,"May",1.74891784148125,1.66
"378",1931,"Jun",1.52700122578424,0.39
"379",1931,"Jul",1.89449019257635,1.49
"380",1931,"Aug",1.03443769826542,0.02
"381",1931,"Sep",0.951372530625937,-0.01
"382",1931,"Oct",0.190472250851701,-0.17
"383",1931,"Nov",-0.207588868546025,0.34
"384",1931,"Dec",-0.887753078226297,1.09
"385",1932,"Jan",-1.09307059440741,-0.26
"386",1932,"Feb",-1.31735519580359,-0.58
"387",1932,"Mar",-0.608033503791308,0.51
"388",1932,"Apr",0.363247000796644,1.15
"389",1932,"May",-0.0217534056482241,0.64
"390",1932,"Jun",-0.16628726441688,0.1
"391",1932,"Jul",-0.116509762147068,-0.12
"392",1932,"Aug",-0.0913702864054138,-0.14
"393",1932,"Sep",-0.820047075322544,-0.4
"394",1932,"Oct",0.175771930522478,-0.29
"395",1932,"Nov",-0.242963992883479,-0.88
"396",1932,"Dec",0.161712898086795,0.02
"397",1933,"Jan",-0.518681960419437,0.29
"398",1933,"Feb",-0.891669843989464,0.02
"399",1933,"Mar",-0.9071742853713,0.15
"400",1933,"Apr",-0.624870141576766,-0.05
"401",1933,"May",-1.47020686500599,-0.5
"402",1933,"Jun",-2.13523717702969,-0.68
"403",1933,"Jul",-2.75424117633285,-1.81
"404",1933,"Aug",-2.340680646138,-1.56
"405",1933,"Sep",-2.39363111493691,-2.28
"406",1933,"Oct",-1.45785726077149,-1.19
"407",1933,"Nov",-0.475906756385935,0.55
"408",1933,"Dec",-0.655375836331122,-1.1
"409",1934,"Jan",-0.739781927253178,0.17
"410",1934,"Feb",0.0490332683731246,0.68
"411",1934,"Mar",0.618754530300445,1.34
"412",1934,"Apr",0.857080780637377,1.63
"413",1934,"May",0.59482979143722,1.23
"414",1934,"Jun",-0.240848450838089,0.51
"415",1934,"Jul",0.0233732801401004,0.44
"416",1934,"Aug",1.00576443124429,1.54
"417",1934,"Sep",0.960424070345933,1.25
"418",1934,"Oct",1.67147779546387,2.1
"419",1934,"Nov",1.17830540448052,1.63
"420",1934,"Dec",0.93941186453189,1.67
"421",1935,"Jan",0.342032735418263,1.01
"422",1935,"Feb",-0.00509240407781318,0.79
"423",1935,"Mar",-0.108887256417125,-0.11
"424",1935,"Apr",0.188013417449116,1.1
"425",1935,"May",0.650999729525187,0.99
"426",1935,"Jun",1.01522270362022,1.39
"427",1935,"Jul",0.558617717533139,0.68
"428",1935,"Aug",0.487005293173561,0.63
"429",1935,"Sep",0.589073464976173,0.98
"430",1935,"Oct",0.646531208587076,0.21
"431",1935,"Nov",0.370346163620016,0.13
"432",1935,"Dec",1.31175864697882,1.78
"433",1936,"Jan",1.56899460825399,1.79
"434",1936,"Feb",1.28773408135145,1.75
"435",1936,"Mar",0.925770122658126,1.36
"436",1936,"Apr",0.948504010092914,1.32
"437",1936,"May",1.31856880909338,1.83
"438",1936,"Jun",1.88150405848503,2.37
"439",1936,"Jul",2.51523202590925,2.57
"440",1936,"Aug",2.13886652164803,1.71
"441",1936,"Sep",1.30717746641443,0.04
"442",1936,"Oct",2.0918146018205,2.1
"443",1936,"Nov",2.53745264750878,2.65
"444",1936,"Dec",1.44350893786137,1.28
"445",1937,"Jan",0.0390532824866309,0
"446",1937,"Feb",-0.183003178528318,-0.49
"447",1937,"Mar",0.0396392644608182,0.38
"448",1937,"Apr",-0.355784593426618,0.2
"449",1937,"May",-0.10051462882829,0.53
"450",1937,"Jun",1.16981308766443,1.75
"451",1937,"Jul",0.0985176809396721,0.11
"452",1937,"Aug",-0.407675462364495,-0.35
"453",1937,"Sep",0.363281989871851,0.63
"454",1937,"Oct",0.773443179795172,0.76
"455",1937,"Nov",1.17030477297147,-0.18
"456",1937,"Dec",0.581364739463144,0.55
"457",1938,"Jan",1.02994714454108,0.5
"458",1938,"Feb",-0.129668472733771,0.02
"459",1938,"Mar",-0.5169987804224,0.24
"460",1938,"Apr",-0.201936524139456,0.27
"461",1938,"May",-0.449773279433896,-0.25
"462",1938,"Jun",-0.463758562133704,-0.2
"463",1938,"Jul",-0.338749178009761,-0.21
"464",1938,"Aug",-0.287387625624993,-0.45
"465",1938,"Sep",0.0231465797204539,-0.01
"466",1938,"Oct",0.868956031580781,0.07
"467",1938,"Nov",-0.151333673967976,0.48
"468",1938,"Dec",0.681853884934559,1.4
"469",1939,"Jan",0.543013226201595,1.36
"470",1939,"Feb",-0.225914743527594,0.07
"471",1939,"Mar",-0.587317450653604,-0.39
"472",1939,"Apr",0.000379914534918149,0.45
"473",1939,"May",0.151783493206507,0.98
"474",1939,"Jun",-0.158795903416188,1.04
"475",1939,"Jul",-0.923733152295551,-0.21
"476",1939,"Aug",-0.913932946911576,-0.74
"477",1939,"Sep",-1.22601817998973,-1.1
"478",1939,"Oct",-1.25704402166379,-1.31
"479",1939,"Nov",-0.918678994540795,-0.88
"480",1939,"Dec",0.881630042594222,1.51
"481",1940,"Jan",1.31600890950454,2.03
"482",1940,"Feb",0.83393528537144,1.74
"483",1940,"Mar",1.36877943982781,1.89
"484",1940,"Apr",1.57528443325944,2.37
"485",1940,"May",1.54043233751479,2.32
"486",1940,"Jun",1.88080035155517,2.43
"487",1940,"Jul",1.68419385309965,2.12
"488",1940,"Aug",1.31136126710019,1.4
"489",1940,"Sep",1.1402797549181,1.1
"490",1940,"Oct",1.32716474053791,1.19
"491",1940,"Nov",1.60106058253639,0.68
"492",1940,"Dec",2.21116653034878,1.96
"493",1941,"Jan",2.24805479394651,2.14
"494",1941,"Feb",2.62730139648082,2.07
"495",1941,"Mar",2.2766377369546,2.41
"496",1941,"Apr",2.33046980360667,1.89
"497",1941,"May",2.04160122225469,2.25
"498",1941,"Jun",2.4750511210769,3.01
"499",1941,"Jul",2.8229167541695,2.33
"500",1941,"Aug",3.12212090214917,3.31
"501",1941,"Sep",2.04577485766703,1.99
"502",1941,"Oct",1.2102709841509,1.22
"503",1941,"Nov",1.42103769482909,0.4
"504",1941,"Dec",1.99496443747004,0.91
"505",1942,"Jan",2.02774413474242,1.01
"506",1942,"Feb",1.79708283048212,0.79
"507",1942,"Mar",1.3310731820746,0.29
"508",1942,"Apr",1.1882140543319,0.79
"509",1942,"May",0.803523984086403,0.84
"510",1942,"Jun",0.841753065534071,1.19
"511",1942,"Jul",0.880302140530962,0.12
"512",1942,"Aug",1.04351673596101,0.44
"513",1942,"Sep",0.801449456853663,0.68
"514",1942,"Oct",0.680307074250874,0.54
"515",1942,"Nov",0.276009598817333,-0.1
"516",1942,"Dec",-0.690989684687914,-1
"517",1943,"Jan",-1.50595348539309,-0.18
"518",1943,"Feb",-0.808368113524868,0.02
"519",1943,"Mar",0.266422677520155,0.26
"520",1943,"Apr",1.08071520677817,1.08
"521",1943,"May",0.514707544592566,0.43
"522",1943,"Jun",-0.256151998525293,0.68
"523",1943,"Jul",-0.373336892435651,-0.36
"524",1943,"Aug",-1.62763786902374,-0.9
"525",1943,"Sep",-1.38923873173831,-0.49
"526",1943,"Oct",-1.28965556778832,-0.04
"527",1943,"Nov",-0.281177127182572,0.29
"528",1943,"Dec",1.3655647924507,0.58
"529",1944,"Jan",1.22606982687803,0.18
"530",1944,"Feb",0.329404263077838,0.17
"531",1944,"Mar",-0.363936163594812,0.08
"532",1944,"Apr",-0.555900136524468,0.72
"533",1944,"May",-1.36894008439221,-0.35
"534",1944,"Jun",-1.75885703252343,-0.98
"535",1944,"Jul",-1.20918933918051,-0.4
"536",1944,"Aug",-0.637354484586996,-0.51
"537",1944,"Sep",-1.45329571161266,-0.56
"538",1944,"Oct",-1.0832227332574,-0.4
"539",1944,"Nov",-0.392043552567088,0.33
"540",1944,"Dec",-0.250638263604826,0.2
"541",1945,"Jan",0.131451860452658,-1.02
"542",1945,"Feb",-0.00321149623673803,0.72
"543",1945,"Mar",0.434117842997541,-0.42
"544",1945,"Apr",0.0778497712217508,-0.4
"545",1945,"May",-0.215018204679252,-0.07
"546",1945,"Jun",0.247999773626645,0.56
"547",1945,"Jul",0.533304276679865,1.02
"548",1945,"Aug",-0.0504230636886194,0.18
"549",1945,"Sep",-0.0166138156699771,-0.27
"550",1945,"Oct",0.19197046804333,0.1
"551",1945,"Nov",-0.892873166125935,-1.94
"552",1945,"Dec",-1.43552755271561,-0.74
"553",1946,"Jan",-0.968334860141833,-0.91
"554",1946,"Feb",0.419563091821855,-0.32
"555",1946,"Mar",0.799737398477907,-0.41
"556",1946,"Apr",1.15701692089218,-0.78
"557",1946,"May",0.130688384715215,0.5
"558",1946,"Jun",-0.0427265329029134,-0.86
"559",1946,"Jul",0.272027655161918,-0.84
"560",1946,"Aug",0.218291426818131,-0.36
"561",1946,"Sep",0.119933046122611,-0.22
"562",1946,"Oct",-0.688934316005335,-0.36
"563",1946,"Nov",-1.25544991247858,-1.48
"564",1946,"Dec",-1.29798610451549,-0.96
"565",1947,"Jan",-0.3150720883105,-0.73
"566",1947,"Feb",0.0310191106195,-0.29
"567",1947,"Mar",0.296684506322833,1.17
"568",1947,"Apr",0.0662718570119925,0.7
"569",1947,"May",-0.362345057745552,0.37
"570",1947,"Jun",0.701594929796987,1.36
"571",1947,"Jul",0.591614248978148,0.16
"572",1947,"Aug",0.573188564578528,0.3
"573",1947,"Sep",0.28778516691187,0.58
"574",1947,"Oct",1.1192180093925,0.85
"575",1947,"Nov",0.428739966908188,-0.14
"576",1947,"Dec",-0.346289965075302,1.67
"577",1948,"Jan",-0.0773483925766436,-0.11
"578",1948,"Feb",-0.330332280629561,-0.74
"579",1948,"Mar",-0.786778523910246,-0.03
"580",1948,"Apr",-0.670427651726646,-1.33
"581",1948,"May",-1.41779192680548,-0.23
"582",1948,"Jun",-0.0545189460237104,0.08
"583",1948,"Jul",-0.117966929498114,-0.92
"584",1948,"Aug",-0.617982134148041,-1.56
"585",1948,"Sep",-0.922055465718233,-1.74
"586",1948,"Oct",-1.74328743549777,-1.32
"587",1948,"Nov",-0.790319635187738,-0.89
"588",1948,"Dec",-1.6656685755252,-1.7
"589",1949,"Jan",-2.43640494661579,-2.01
"590",1949,"Feb",-2.64047868870121,-3.6
"591",1949,"Mar",-1.55241825262638,-1
"592",1949,"Apr",-1.20925896897985,-0.53
"593",1949,"May",-1.08899073558137,-1.07
"594",1949,"Jun",-1.10981401597385,-0.7
"595",1949,"Jul",-1.40303309736283,-0.56
"596",1949,"Aug",-1.36397943135965,-1.3
"597",1949,"Sep",-1.12700997199549,-0.93
"598",1949,"Oct",-1.79045051204928,-1.41
"599",1949,"Nov",-0.864425107259807,-0.83
"600",1949,"Dec",-0.751427711394161,-0.8
"601",1950,"Jan",-1.38197664341083,-2.13
"602",1950,"Feb",-1.69795318398549,-2.91
"603",1950,"Mar",-1.33844943853865,-1.13
"604",1950,"Apr",-1.47565098690476,-1.2
"605",1950,"May",-2.39221337862744,-2.23
"606",1950,"Jun",-2.04072429714386,-1.77
"607",1950,"Jul",-2.94312849289831,-2.93
"608",1950,"Aug",-2.18841680775826,-0.7
"609",1950,"Sep",-1.56179761499025,-2.14
"610",1950,"Oct",-1.31634934333648,-1.36
"611",1950,"Nov",-1.22132050084002,-2.46
"612",1950,"Dec",-0.949945243106437,-0.76
"613",1951,"Jan",-0.956057034778171,-1.54
"614",1951,"Feb",-1.18151835650469,-1.06
"615",1951,"Mar",-1.38031126771107,-1.9
"616",1951,"Apr",-1.17245576127488,-0.36
"617",1951,"May",-0.993834835133654,-0.25
"618",1951,"Jun",-1.29603681882657,-1.09
"619",1951,"Jul",0.0249820732633662,0.7
"620",1951,"Aug",-0.958327732422485,-1.37
"621",1951,"Sep",-0.135608874114046,-0.08
"622",1951,"Oct",0.17036481994513,-0.32
"623",1951,"Nov",-0.185968345940049,-0.28
"624",1951,"Dec",-1.24034039688052,-1.68
"625",1952,"Jan",-2.03245170208605,-2.01
"626",1952,"Feb",-1.16525158571413,-0.46
"627",1952,"Mar",-1.50353868051324,-0.63
"628",1952,"Apr",-1.53241947664999,-1.05
"629",1952,"May",-1.52642783588396,-1
"630",1952,"Jun",-1.71780219590208,-1.43
"631",1952,"Jul",-1.75475146993588,-1.25
"632",1952,"Aug",-1.05390303330835,-0.6
"633",1952,"Sep",-0.74705382509477,-0.89
"634",1952,"Oct",-0.37435308195121,-0.35
"635",1952,"Nov",-0.169398949667074,-0.76
"636",1952,"Dec",-0.510671827176233,0.04
"637",1953,"Jan",-0.149614669178849,-0.57
"638",1953,"Feb",-0.375095985285912,-0.07
"639",1953,"Mar",-0.839500104405238,-1.12
"640",1953,"Apr",-0.572430607787759,0.05
"641",1953,"May",-0.272562372122669,0.43
"642",1953,"Jun",-0.161311405348824,0.29
"643",1953,"Jul",0.391440622957916,0.74
"644",1953,"Aug",-0.423968239774803,0.05
"645",1953,"Sep",-0.536753056781302,-0.63
"646",1953,"Oct",-0.894224336755143,-1.09
"647",1953,"Nov",-0.232060770455946,-0.03
"648",1953,"Dec",-0.103265121279892,0.07
"649",1954,"Jan",-0.733619694294714,-1.32
"650",1954,"Feb",-0.634762436830355,-1.61
"651",1954,"Mar",-0.813284515013148,-0.52
"652",1954,"Apr",-0.796917405789187,-1.33
"653",1954,"May",-0.322797985470428,0.01
"654",1954,"Jun",0.574961785189615,0.97
"655",1954,"Jul",-0.0753373546202847,0.43
"656",1954,"Aug",-0.0132155431379069,0.08
"657",1954,"Sep",-0.64513323384392,-0.94
"658",1954,"Oct",0.210577359213613,0.52
"659",1954,"Nov",0.988061145238481,0.72
"660",1954,"Dec",0.478070439165833,-0.5
"661",1955,"Jan",-0.235987319019554,0.2
"662",1955,"Feb",-0.573270752019425,-1.52
"663",1955,"Mar",-0.853352419541344,-1.26
"664",1955,"Apr",-1.58344224719645,-1.97
"665",1955,"May",-1.39589945609056,-1.21
"666",1955,"Jun",-1.8827092916257,-2.44
"667",1955,"Jul",-2.25434378545552,-2.35
"668",1955,"Aug",-2.0249944182713,-2.25
"669",1955,"Sep",-1.9340068647206,-1.95
"670",1955,"Oct",-2.78316899489487,-2.8
"671",1955,"Nov",-2.28330296754891,-3.08
"672",1955,"Dec",-1.77255373910836,-2.75
"673",1956,"Jan",-1.83146000556109,-2.48
"674",1956,"Feb",-1.86094185521159,-2.74
"675",1956,"Mar",-2.39910357246732,-2.56
"676",1956,"Apr",-2.02857984309462,-2.17
"677",1956,"May",-1.053251322153,-1.41
"678",1956,"Jun",-1.52053604685351,-1.7
"679",1956,"Jul",-1.0462437210418,-1.03
"680",1956,"Aug",-0.463321734790118,-1.16
"681",1956,"Sep",0.0633951573224484,-0.71
"682",1956,"Oct",-1.27294724773671,-2.3
"683",1956,"Nov",-2.19870597861535,-2.11
"684",1956,"Dec",-1.43435544514083,-1.28
"685",1957,"Jan",-1.33878009287441,-1.82
"686",1957,"Feb",-1.53310695407411,-0.68
"687",1957,"Mar",-0.828977459083525,0.03
"688",1957,"Apr",-0.663392013990902,-0.58
"689",1957,"May",0.0938311857578735,0.57
"690",1957,"Jun",1.37807088764306,1.76
"691",1957,"Jul",0.640400670692646,0.72
"692",1957,"Aug",0.521374096260314,0.51
"693",1957,"Sep",1.76387777605442,1.59
"694",1957,"Oct",1.58693778515241,1.5
"695",1957,"Nov",1.57474992262727,-0.32
"696",1957,"Dec",0.424808886303028,-0.55
"697",1958,"Jan",0.641411061101201,0.25
"698",1958,"Feb",0.821998020594861,0.62
"699",1958,"Mar",0.712495841295273,0.25
"700",1958,"Apr",0.786467160486471,1.06
"701",1958,"May",1.41974664620884,1.28
"702",1958,"Jun",1.74490156727604,1.33
"703",1958,"Jul",0.805780270682912,0.89
"704",1958,"Aug",1.31095137801468,1.06
"705",1958,"Sep",1.00716485168929,0.29
"706",1958,"Oct",0.298533607620616,0.01
"707",1958,"Nov",0.245751350781229,-0.18
"708",1958,"Dec",0.919942952655135,0.86
"709",1959,"Jan",0.905154689519651,0.69
"710",1959,"Feb",0.462144679719529,-0.43
"711",1959,"Mar",0.134020951961352,-0.95
"712",1959,"Apr",0.0817919418334452,-0.02
"713",1959,"May",0.228632511321545,0.23
"714",1959,"Jun",0.441629434599205,0.44
"715",1959,"Jul",-0.051221167437197,-0.5
"716",1959,"Aug",0.0370594979500481,-0.62
"717",1959,"Sep",-0.239938362642912,-0.85
"718",1959,"Oct",1.07250976306442,0.52
"719",1959,"Nov",1.30615616638879,1.11
"720",1959,"Dec",1.09281107553603,0.06
"721",1960,"Jan",0.409428025676175,0.3
"722",1960,"Feb",0.730329306259756,0.52
"723",1960,"Mar",0.541715294634544,-0.21
"724",1960,"Apr",0.475220209217263,0.09
"725",1960,"May",0.652232398278003,0.91
"726",1960,"Jun",1.1722360029107,0.64
"727",1960,"Jul",0.0996797832279116,-0.27
"728",1960,"Aug",0.177905941570162,-0.38
"729",1960,"Sep",-0.515014699497624,-0.94
"730",1960,"Oct",-0.0554552106933258,0.09
"731",1960,"Nov",-0.00891864423869995,-0.23
"732",1960,"Dec",0.0855343126102815,0.17
"733",1961,"Jan",0.835647568818231,1.18
"734",1961,"Feb",0.856070108987676,0.43
"735",1961,"Mar",0.747615944057367,0.09
"736",1961,"Apr",0.471405981495063,0.34
"737",1961,"May",0.0410094998010036,-0.06
"738",1961,"Jun",-0.204550378382183,-0.61
"739",1961,"Jul",-0.602374117220028,-1.22
"740",1961,"Aug",-0.265498900885157,-1.13
"741",1961,"Sep",-0.763267857000155,-2.01
"742",1961,"Oct",-1.36072383495163,-2.28
"743",1961,"Nov",-1.08729620333738,-1.85
"744",1961,"Dec",-1.52839798759781,-2.69
"745",1962,"Jan",-0.963327135120384,-1.29
"746",1962,"Feb",-0.783960167762526,-1.15
"747",1962,"Mar",-0.701492348471792,-1.42
"748",1962,"Apr",-0.574014730243234,-0.8
"749",1962,"May",-0.88400272267424,-1.22
"750",1962,"Jun",-1.48845355606212,-1.62
"751",1962,"Jul",-1.37087706345964,-1.46
"752",1962,"Aug",-0.4601770936615,-0.48
"753",1962,"Sep",-1.15128085343965,-1.58
"754",1962,"Oct",-1.41133980413947,-1.55
"755",1962,"Nov",-0.312499344624832,-0.37
"756",1962,"Dec",-0.204404333449235,-0.96
"757",1963,"Jan",-0.00904248580124718,-0.33
"758",1963,"Feb",-0.0121733012972656,-0.16
"759",1963,"Mar",-0.241601948748807,-0.54
"760",1963,"Apr",-0.314668613697792,-0.41
"761",1963,"May",-0.915826497541165,-0.65
"762",1963,"Jun",-0.560239127585603,-0.88
"763",1963,"Jul",-1.13265167686147,-1
"764",1963,"Aug",-0.769877618024129,-1.03
"765",1963,"Sep",1.16270079664714,0.45
"766",1963,"Oct",0.396137439081178,-0.52
"767",1963,"Nov",-0.288393239932388,-2.08
"768",1963,"Dec",0.399472472042293,-1.08
"769",1964,"Jan",0.377753016792479,0.01
"770",1964,"Feb",0.260148290765719,-0.21
"771",1964,"Mar",-0.481519164955802,-0.87
"772",1964,"Apr",-0.839453279147559,-1.03
"773",1964,"May",-1.74174357682214,-1.91
"774",1964,"Jun",-0.546021562282142,-0.32
"775",1964,"Jul",-0.864600866472717,-0.51
"776",1964,"Aug",-1.41312516672588,-1.03
"777",1964,"Sep",-1.11977541635492,-0.68
"778",1964,"Oct",-0.443812565066188,-0.37
"779",1964,"Nov",-0.626734221826269,-0.8
"780",1964,"Dec",-0.769318290407674,-1.52
"781",1965,"Jan",-1.14242579994161,-1.24
"782",1965,"Feb",-0.652523484511259,-1.16
"783",1965,"Mar",-0.228443484129193,0.04
"784",1965,"Apr",-0.218323045126748,0.62
"785",1965,"May",-0.684836030206568,-0.66
"786",1965,"Jun",-0.785970181650231,-0.8
"787",1965,"Jul",-0.804898858698906,-0.47
"788",1965,"Aug",0.347585389821576,0.2
"789",1965,"Sep",0.800853545787157,0.59
"790",1965,"Oct",0.317256360035432,-0.36
"791",1965,"Nov",0.382107235731598,-0.59
"792",1965,"Dec",0.0725675767842364,0.06
"793",1966,"Jan",-0.667971042227052,-0.82
"794",1966,"Feb",-0.259340456984158,-0.03
"795",1966,"Mar",-0.591250622211218,-1.29
"796",1966,"Apr",-0.239191012903661,0.06
"797",1966,"May",-0.514396318560228,-0.53
"798",1966,"Jun",0.0741415682863489,0.16
"799",1966,"Jul",0.115560346683715,0.26
"800",1966,"Aug",0.137448542524876,-0.35
"801",1966,"Sep",0.0173033969239357,-0.33
"802",1966,"Oct",-0.28160389527147,-1.17
"803",1966,"Nov",-0.497792863134882,-1.15
"804",1966,"Dec",-0.251902127429245,-0.32
"805",1967,"Jan",-0.312042671564139,-0.2
"806",1967,"Feb",-0.207003682791134,-0.18
"807",1967,"Mar",-0.595579279043785,-1.2
"808",1967,"Apr",-0.805433147685698,-0.89
"809",1967,"May",-0.914779013615261,-1.24
"810",1967,"Jun",-0.648151047084402,-1.16
"811",1967,"Jul",-0.621362791716062,-0.89
"812",1967,"Aug",-0.729783789787797,-1.24
"813",1967,"Sep",-0.1463443752874,-0.72
"814",1967,"Oct",0.24417295955388,-0.64
"815",1967,"Nov",0.333148473146198,-0.05
"816",1967,"Dec",-0.714135917901428,-0.4
"817",1968,"Jan",-0.766802942845441,-0.95
"818",1968,"Feb",-0.465150936844709,-0.4
"819",1968,"Mar",-0.0543776537245874,-0.31
"820",1968,"Apr",-0.517137475662924,-1.03
"821",1968,"May",-0.463977008566539,-0.53
"822",1968,"Jun",0.316722753038103,-0.35
"823",1968,"Jul",0.72584683145901,0.53
"824",1968,"Aug",0.371507701907041,0.19
"825",1968,"Sep",0.438532734801642,0.06
"826",1968,"Oct",-0.132899489149533,-0.34
"827",1968,"Nov",-0.00181778365566923,-0.44
"828",1968,"Dec",-0.178985125075111,-1.27
"829",1969,"Jan",-0.584181676268482,-1.26
"830",1969,"Feb",-0.933600717207503,-0.95
"831",1969,"Mar",-0.859379007430763,-0.5
"832",1969,"Apr",-0.764704414021456,-0.44
"833",1969,"May",-0.61304324754789,-0.2
"834",1969,"Jun",0.839438091955258,0.89
"835",1969,"Jul",0.00446181024571078,0.1
"836",1969,"Aug",-0.42460205725891,-0.81
"837",1969,"Sep",-0.550294862491605,-0.66
"838",1969,"Oct",1.08225806197523,1.12
"839",1969,"Nov",0.623144759918308,0.15
"840",1969,"Dec",0.957376935610704,1.38
"841",1970,"Jan",0.937843156184951,0.61
"842",1970,"Feb",0.982693117156859,0.43
"843",1970,"Mar",1.1956055694238,1.33
"844",1970,"Apr",0.432453079318836,0.43
"845",1970,"May",-0.518379555907717,-0.49
"846",1970,"Jun",0.0841841029923422,0.06
"847",1970,"Jul",-0.649776818011375,-0.68
"848",1970,"Aug",-1.31030086053798,-1.63
"849",1970,"Sep",-1.14017617829973,-1.67
"850",1970,"Oct",-0.772329721509023,-1.39
"851",1970,"Nov",-0.653328872805617,-0.8
"852",1970,"Dec",-0.769035184410098,-0.97
"853",1971,"Jan",-1.14788743216505,-1.9
"854",1971,"Feb",-1.29763957583777,-1.74
"855",1971,"Mar",-1.2562532902478,-1.68
"856",1971,"Apr",-1.33718700858178,-1.59
"857",1971,"May",-1.46103346697054,-1.55
"858",1971,"Jun",-1.57842554006715,-1.55
"859",1971,"Jul",-2.04038851648043,-2.2
"860",1971,"Aug",-0.305679915342951,-0.15
"861",1971,"Sep",-0.290647570014808,0.21
"862",1971,"Oct",-0.464181942752982,-0.22
"863",1971,"Nov",-1.27068735961794,-1.25
"864",1971,"Dec",-1.65254741640783,-1.87
"865",1972,"Jan",-1.86783388481,-1.99
"866",1972,"Feb",-1.73791217605378,-1.83
"867",1972,"Mar",-1.40558770507688,-2.09
"868",1972,"Apr",-1.54992895747646,-1.65
"869",1972,"May",-1.82480874983339,-1.57
"870",1972,"Jun",-1.71259285556703,-1.87
"871",1972,"Jul",-1.19335466444687,-0.83
"872",1972,"Aug",-0.0308276671000769,0.25
"873",1972,"Sep",-0.203020135872424,0.17
"874",1972,"Oct",-0.420802143987724,0.11
"875",1972,"Nov",-0.160024365003187,0.57
"876",1972,"Dec",-0.488262311462234,-0.33
"877",1973,"Jan",-0.17420452347336,-0.46
"878",1973,"Feb",-0.311472110901117,-0.61
"879",1973,"Mar",-0.488895683262576,-0.5
"880",1973,"Apr",-0.735360521420429,-0.69
"881",1973,"May",-1.00719439611582,-0.76
"882",1973,"Jun",-1.01866555740989,-0.97
"883",1973,"Jul",-0.809625699149508,-0.57
"884",1973,"Aug",-0.912267608210752,-1.14
"885",1973,"Sep",-0.490399900985412,-0.51
"886",1973,"Oct",-0.821161310493033,-0.87
"887",1973,"Nov",-1.07339763367958,-1.81
"888",1973,"Dec",-0.771908899344458,-0.76
"889",1974,"Jan",-0.763008485353665,-1.22
"890",1974,"Feb",-1.18269362186794,-1.65
"891",1974,"Mar",-1.04240324188442,-0.9
"892",1974,"Apr",-0.571677716479039,-0.52
"893",1974,"May",-0.57621564013184,-0.28
"894",1974,"Jun",-0.335437248388783,-0.31
"895",1974,"Jul",0.0904086849370281,-0.08
"896",1974,"Aug",0.216779147647357,0.27
"897",1974,"Sep",0.908170890748734,0.44
"898",1974,"Oct",0.466826143997904,-0.1
"899",1974,"Nov",0.666011317487845,0.43
"900",1974,"Dec",0.259270473048532,-0.12
"901",1975,"Jan",-0.457747059496321,-0.84
"902",1975,"Feb",-0.610145302670113,-0.71
"903",1975,"Mar",-0.663864761214087,-0.51
"904",1975,"Apr",-1.30580021189285,-1.3
"905",1975,"May",-1.56351549867485,-1.02
"906",1975,"Jun",-1.26518844683965,-1.16
"907",1975,"Jul",-0.60406177737358,-0.4
"908",1975,"Aug",-0.885878663312541,-1.07
"909",1975,"Sep",-0.908550308854546,-1.23
"910",1975,"Oct",-0.96041016357812,-1.29
"911",1975,"Nov",-1.29608417218742,-2.08
"912",1975,"Dec",-1.27661586903193,-1.61
"913",1976,"Jan",-0.952240494999216,-1.14
"914",1976,"Feb",-0.869683819877046,-1.85
"915",1976,"Mar",-0.977048208437067,-0.96
"916",1976,"Apr",-1.08488047787905,-0.89
"917",1976,"May",-0.96406491227938,-0.68
"918",1976,"Jun",-1.28502852009684,-0.67
"919",1976,"Jul",0.106333736530105,0.61
"920",1976,"Aug",0.946127648049479,1.28
"921",1976,"Sep",0.533908413799499,0.82
"922",1976,"Oct",1.10243780924523,1.11
"923",1976,"Nov",1.15223741210092,1.25
"924",1976,"Dec",0.981292022764159,1.22
"925",1977,"Jan",0.988758445983848,1.65
"926",1977,"Feb",1.33280034881542,1.11
"927",1977,"Mar",0.743776532473005,0.72
"928",1977,"Apr",0.0105396009116645,0.3
"929",1977,"May",-0.162443859971154,0.31
"930",1977,"Jun",0.274892875299735,0.42
"931",1977,"Jul",0.354539190608146,0.19
"932",1977,"Aug",0.530088971380369,0.64
"933",1977,"Sep",-0.0432512888683935,-0.55
"934",1977,"Oct",-0.440015698082594,-0.61
"935",1977,"Nov",-0.175453568079439,-0.72
"936",1977,"Dec",-0.0108272037861239,-0.69
"937",1978,"Jan",0.574052435157949,0.34
"938",1978,"Feb",0.855606382308817,1.45
"939",1978,"Mar",1.24307031770821,1.34
"940",1978,"Apr",1.10929416708424,1.29
"941",1978,"May",0.998619897845827,0.9
"942",1978,"Jun",0.548959040901997,0.15
"943",1978,"Jul",-0.881581906564441,-1.24
"944",1978,"Aug",-0.311858932772338,-0.56
"945",1978,"Sep",-0.309494172790012,-0.44
"946",1978,"Oct",0.430448464921068,0.1
"947",1978,"Nov",0.136629194841414,-0.07
"948",1978,"Dec",-0.256075052881232,-0.43
"949",1979,"Jan",0.00108305277921469,-0.58
"950",1979,"Feb",-0.653826613249357,-1.33
"951",1979,"Mar",-0.129365184243898,0.3
"952",1979,"Apr",0.210269065225451,0.89
"953",1979,"May",0.747545254113081,1.09
"954",1979,"Jun",0.375956492009206,0.17
"955",1979,"Jul",0.478058487055992,0.84
"956",1979,"Aug",0.569188746949641,0.52
"957",1979,"Sep",1.2247243700021,1
"958",1979,"Oct",1.3614839798748,1.06
"959",1979,"Nov",0.897683074550292,0.48
"960",1979,"Dec",0.311885465173223,-0.42
"961",1980,"Jan",0.121517139684612,-0.11
"962",1980,"Feb",0.546612443099257,1.32
"963",1980,"Mar",0.701258162488281,1.09
"964",1980,"Apr",0.877865264639561,1.49
"965",1980,"May",0.766288387430735,1.2
"966",1980,"Jun",-0.459863968780744,-0.22
"967",1980,"Jul",-0.0995211874843623,0.23
"968",1980,"Aug",0.0288037648452372,0.51
"969",1980,"Sep",-0.0671565159906372,0.1
"970",1980,"Oct",1.13576860824091,1.35
"971",1980,"Nov",0.846231047773368,0.37
"972",1980,"Dec",0.429754487669659,-0.1
"973",1981,"Jan",0.897334332251204,0.59
"974",1981,"Feb",1.1081127139691,1.46
"975",1981,"Mar",1.30591688537951,0.99
"976",1981,"Apr",1.35831297473642,1.45
"977",1981,"May",1.48431988668037,1.75
"978",1981,"Jun",2.01134311009017,1.69
"979",1981,"Jul",1.1756205386159,0.84
"980",1981,"Aug",0.538809779448754,0.18
"981",1981,"Sep",0.818136704705507,0.42
"982",1981,"Oct",0.161921066072943,0.18
"983",1981,"Nov",0.535468840830073,0.8
"984",1981,"Dec",0.58990877927593,0.67
"985",1982,"Jan",0.130174158251575,0.34
"986",1982,"Feb",-0.0268371738233506,0.2
"987",1982,"Mar",-0.0729676802712747,0.19
"988",1982,"Apr",-0.530386188219403,-0.19
"989",1982,"May",-0.844893767674726,-0.58
"990",1982,"Jun",-0.771109562666558,-0.78
"991",1982,"Jul",0.0638640928544247,0.58
"992",1982,"Aug",0.0107367380693686,0.39
"993",1982,"Sep",0.490104683238315,0.84
"994",1982,"Oct",0.270336712216993,0.37
"995",1982,"Nov",-0.472467300584459,-0.25
"996",1982,"Dec",0.17131564447709,0.26
"997",1983,"Jan",0.367059368184211,0.56
"998",1983,"Feb",0.965746227137535,1.14
"999",1983,"Mar",1.72680514490283,2.11
"1000",1983,"Apr",1.47904966364979,1.87
"1001",1983,"May",1.26034399459309,1.8
"1002",1983,"Jun",1.85960311969785,2.36
"1003",1983,"Jul",2.41730940575645,3.51
"1004",1983,"Aug",1.35918086662597,1.85
"1005",1983,"Sep",0.66337719333135,0.91
"1006",1983,"Oct",0.721549677730605,0.96
"1007",1983,"Nov",1.11498732402483,1.02
"1008",1983,"Dec",1.5331518702276,1.69
"1009",1984,"Jan",1.17920555512635,1.5
"1010",1984,"Feb",1.03282772858637,1.21
"1011",1984,"Mar",1.35226529818297,1.77
"1012",1984,"Apr",0.971184618357939,1.52
"1013",1984,"May",1.06823474075805,1.3
"1014",1984,"Jun",0.326252946153896,0.18
"1015",1984,"Jul",0.300117590547764,-0.18
"1016",1984,"Aug",0.597407187677833,-0.03
"1017",1984,"Sep",0.450592991685349,0.67
"1018",1984,"Oct",0.665687495399245,0.58
"1019",1984,"Nov",0.670067791715077,0.71
"1020",1984,"Dec",0.596809832647314,0.82
"1021",1985,"Jan",0.831424506992428,1.27
"1022",1985,"Feb",0.623462417353991,0.94
"1023",1985,"Mar",0.0365621053384968,0.57
"1024",1985,"Apr",-0.174560951417559,0.19
"1025",1985,"May",-0.442947436032779,0
"1026",1985,"Jun",0.0629775058750115,0.18
"1027",1985,"Jul",0.451733975227269,1.07
"1028",1985,"Aug",0.36848341358863,0.81
"1029",1985,"Sep",0.237879487683263,0.44
"1030",1985,"Oct",0.119355630681965,0.29
"1031",1985,"Nov",-0.689488856456108,-0.75
"1032",1985,"Dec",0.226726981223506,0.38
"1033",1986,"Jan",0.939671261907913,1.12
"1034",1986,"Feb",1.4216958931085,1.61
"1035",1986,"Mar",1.47727512105194,2.18
"1036",1986,"Apr",1.16665783342582,1.55
"1037",1986,"May",0.812281724718101,1.16
"1038",1986,"Jun",0.653396706350861,0.89
"1039",1986,"Jul",1.0045125331148,1.38
"1040",1986,"Aug",0.168474992639092,0.22
"1041",1986,"Sep",0.339743961846543,0.22
"1042",1986,"Oct",1.03125153781776,1
"1043",1986,"Nov",1.66014683091973,1.77
"1044",1986,"Dec",1.64719382545875,1.77
"1045",1987,"Jan",1.44690922832448,1.88
"1046",1987,"Feb",1.59640346028883,1.75
"1047",1987,"Mar",1.58093104571986,2.1
"1048",1987,"Apr",1.62132465047674,2.16
"1049",1987,"May",1.15413770486803,1.85
"1050",1987,"Jun",0.329989611145752,0.73
"1051",1987,"Jul",1.47156436945407,2.01
"1052",1987,"Aug",1.85450623410921,2.83
"1053",1987,"Sep",1.5691582426009,2.44
"1054",1987,"Oct",0.923842947350819,1.36
"1055",1987,"Nov",1.10084752181145,1.47
"1056",1987,"Dec",1.04492864922924,1.27
"1057",1988,"Jan",0.707728258890997,0.93
"1058",1988,"Feb",0.954198058867248,1.24
"1059",1988,"Mar",0.91599834925915,1.42
"1060",1988,"Apr",0.762406076647089,0.94
"1061",1988,"May",0.736157765908606,1.2
"1062",1988,"Jun",0.504998303690458,0.74
"1063",1988,"Jul",0.310360185032026,0.64
"1064",1988,"Aug",-0.305710602447003,0.19
"1065",1988,"Sep",-0.356124578706991,-0.37
"1066",1988,"Oct",0.162864951440839,-0.1
"1067",1988,"Nov",0.14604169965476,-0.02
"1068",1988,"Dec",-0.0691594916159278,-0.43
"1069",1989,"Jan",-0.801138201276162,-0.95
"1070",1989,"Feb",-0.988455127034276,-1.02
"1071",1989,"Mar",-0.768373023537019,-0.83
"1072",1989,"Apr",0.110039482283887,-0.32
"1073",1989,"May",0.130581170287386,0.47
"1074",1989,"Jun",0.163932574632723,0.36
"1075",1989,"Jul",0.608077833412315,0.83
"1076",1989,"Aug",0.0785048678951999,0.09
"1077",1989,"Sep",-0.0320957155597256,0.05
"1078",1989,"Oct",-0.194876209508002,-0.12
"1079",1989,"Nov",-0.585750486129052,-0.5
"1080",1989,"Dec",-0.0706791906272924,-0.21
"1081",1990,"Jan",-0.25778199376818,-0.3
"1082",1990,"Feb",-0.779767111751353,-0.65
"1083",1990,"Mar",-0.645515592159347,-0.62
"1084",1990,"Apr",0.122918380803191,0.27
"1085",1990,"May",-0.0657100206369765,0.44
"1086",1990,"Jun",0.0137151078334794,0.44
"1087",1990,"Jul",0.104531200653207,0.27
"1088",1990,"Aug",0.102271860102741,0.11
"1089",1990,"Sep",0.0787337252759967,0.38
"1090",1990,"Oct",-0.742901839337203,-0.69
"1091",1990,"Nov",-1.34322552286719,-1.69
"1092",1990,"Dec",-1.69164083444507,-2.23
"1093",1991,"Jan",-1.36188875573438,-2.02
"1094",1991,"Feb",-0.843348920254779,-1.19
"1095",1991,"Mar",-0.684059956207464,-0.74
"1096",1991,"Apr",-1.01053190348819,-1.01
"1097",1991,"May",-1.10281954207113,-0.51
"1098",1991,"Jun",-1.60950456728588,-1.47
"1099",1991,"Jul",-1.00554885335687,-0.1
"1100",1991,"Aug",-0.208819358121286,0.36
"1101",1991,"Sep",0.663950325088452,0.65
"1102",1991,"Oct",0.6521850882068,0.49
"1103",1991,"Nov",0.719590854781114,0.42
"1104",1991,"Dec",0.0152547919484067,0.09
"1105",1992,"Jan",0.330850816893167,0.05
"1106",1992,"Feb",0.386107524443576,0.31
"1107",1992,"Mar",0.399672868146327,0.67
"1108",1992,"Apr",0.700454449043637,0.75
"1109",1992,"May",1.15832001473614,1.54
"1110",1992,"Jun",1.02868590575837,1.26
"1111",1992,"Jul",1.26111211956225,1.9
"1112",1992,"Aug",0.864408705098939,1.44
"1113",1992,"Sep",0.443460676127072,0.83
"1114",1992,"Oct",0.97848361946491,0.93
"1115",1992,"Nov",1.13422200690585,0.93
"1116",1992,"Dec",0.310357530239527,0.53
"1117",1993,"Jan",-0.115598102930184,0.05
"1118",1993,"Feb",0.178888922883924,0.19
"1119",1993,"Mar",0.502667149244722,0.76
"1120",1993,"Apr",1.15349660712399,1.21
"1121",1993,"May",1.80552745250921,2.13
"1122",1993,"Jun",1.93291169199539,2.34
"1123",1993,"Jul",1.44413031123957,2.35
"1124",1993,"Aug",1.96584012898063,2.69
"1125",1993,"Sep",1.30345114105787,1.56
"1126",1993,"Oct",1.23957895860489,1.41
"1127",1993,"Nov",1.13201086408977,1.24
"1128",1993,"Dec",0.749828811003323,1.07
"1129",1994,"Jan",0.90480771806973,1.21
"1130",1994,"Feb",0.66121362319892,0.59
"1131",1994,"Mar",0.547355174216604,0.8
"1132",1994,"Apr",0.764399116069351,1.05
"1133",1994,"May",0.83656355013032,1.23
"1134",1994,"Jun",0.423946535977414,0.46
"1135",1994,"Jul",-0.352879452487268,0.06
"1136",1994,"Aug",-0.275068823523593,-0.79
"1137",1994,"Sep",-0.860660103123218,-1.36
"1138",1994,"Oct",-0.581791518948993,-1.32
"1139",1994,"Nov",-1.49981202806842,-1.96
"1140",1994,"Dec",-1.74577216352573,-1.79
"1141",1995,"Jan",-0.484068740643854,-0.49
"1142",1995,"Feb",0.218456654949844,0.46
"1143",1995,"Mar",0.629364935428227,0.75
"1144",1995,"Apr",0.682321210663637,0.83
"1145",1995,"May",0.998223696133055,1.46
"1146",1995,"Jun",1.0636027839582,1.27
"1147",1995,"Jul",1.19406646086298,1.71
"1148",1995,"Aug",0.343174728226884,0.21
"1149",1995,"Sep",1.51538297866583,1.16
"1150",1995,"Oct",0.909510949575094,0.47
"1151",1995,"Nov",0.187381441708602,-0.28
"1152",1995,"Dec",0.401286553781549,0.16
"1153",1996,"Jan",0.923354169763186,0.59
"1154",1996,"Feb",0.941076586859777,0.75
"1155",1996,"Mar",0.994803095399914,1.01
"1156",1996,"Apr",1.32178351888032,1.46
"1157",1996,"May",1.92476163943504,2.18
"1158",1996,"Jun",1.09435095198905,1.1
"1159",1996,"Jul",0.594757902023491,0.77
"1160",1996,"Aug",-0.16759719254891,-0.14
"1161",1996,"Sep",0.490236984067688,0.24
"1162",1996,"Oct",0.60522162335393,-0.33
"1163",1996,"Nov",0.467489773416171,0.09
"1164",1996,"Dec",0.0895834903595656,-0.03
"1165",1997,"Jan",0.552757181597237,0.23
"1166",1997,"Feb",0.528701342059863,0.28
"1167",1997,"Mar",0.704216552485616,0.65
"1168",1997,"Apr",0.970897116374232,1.05
"1169",1997,"May",1.78276398971259,1.83
"1170",1997,"Jun",2.51740258306298,2.76
"1171",1997,"Jul",1.71683624081776,2.35
"1172",1997,"Aug",2.43285881352022,2.79
"1173",1997,"Sep",1.89712170747853,2.19
"1174",1997,"Oct",1.79680754956973,1.61
"1175",1997,"Nov",1.50700060202613,1.12
"1176",1997,"Dec",1.0986132877547,0.67
"1177",1998,"Jan",1.07941655164916,0.83
"1178",1998,"Feb",1.59484003772224,1.56
"1179",1998,"Mar",1.65179723637418,2.01
"1180",1998,"Apr",0.80961482695569,1.27
"1181",1998,"May",0.0795270142198328,0.7
"1182",1998,"Jun",-0.313968515422191,0.4
"1183",1998,"Jul",-0.392941964282886,-0.04
"1184",1998,"Aug",-0.0752037603609234,-0.22
"1185",1998,"Sep",-0.836858877174453,-1.21
"1186",1998,"Oct",-1.42131125611997,-1.39
"1187",1998,"Nov",-0.225009042466238,-0.52
"1188",1998,"Dec",-0.413137806697313,-0.44
"1189",1999,"Jan",-0.223897469865869,-0.32
"1190",1999,"Feb",-0.3958935011898,-0.66
"1191",1999,"Mar",-0.413749349433052,-0.33
"1192",1999,"Apr",-1.05713820571854,-0.41
"1193",1999,"May",-1.64516094604818,-0.68
"1194",1999,"Jun",-1.66710590432449,-1.3
"1195",1999,"Jul",-1.27019837353315,-0.66
"1196",1999,"Aug",-1.2201886103342,-0.96
"1197",1999,"Sep",-1.30759534991715,-1.53
"1198",1999,"Oct",-1.65775041911661,-2.23
"1199",1999,"Nov",-1.55932400726079,-2.05
"1200",1999,"Dec",-1.40668955844261,-1.63
"1201",2000,"Jan",-1.61315432817739,-2
"1202",2000,"Feb",-0.82343936594972,-0.83
"1203",2000,"Mar",-0.200574773212375,0.29
"1204",2000,"Apr",-0.156085086012126,0.35
"1205",2000,"May",-0.263778093246146,-0.05
"1206",2000,"Jun",-0.020538178244511,-0.44
"1207",2000,"Jul",-0.736968406540852,-0.66
"1208",2000,"Aug",-1.01521892181512,-1.19
"1209",2000,"Sep",-1.009707929768,-1.24
"1210",2000,"Oct",-1.0020615166435,-1.3
"1211",2000,"Nov",-0.589125054768396,-0.53
"1212",2000,"Dec",0.364876143484516,0.52
"1213",2001,"Jan",0.899519087816709,0.6
"1214",2001,"Feb",0.621080531480904,0.29
"1215",2001,"Mar",0.395626848259313,0.45
"1216",2001,"Apr",-0.383088832073099,-0.31
"1217",2001,"May",-0.351030084788948,-0.3
"1218",2001,"Jun",-0.601209386759434,-0.47
"1219",2001,"Jul",-1.48735802134515,-1.31
"1220",2001,"Aug",-1.03633459524296,-0.77
"1221",2001,"Sep",-1.25062013544724,-1.37
"1222",2001,"Oct",-1.15886579277076,-1.37
"1223",2001,"Nov",-0.722196082957543,-1.26
"1224",2001,"Dec",-0.648730745618947,-0.93
"1225",2002,"Jan",-0.138484103229572,0.27
"1226",2002,"Feb",-0.775944848432044,-0.64
"1227",2002,"Mar",-0.523846353210271,-0.43
"1228",2002,"Apr",-0.563768284720264,-0.32
"1229",2002,"May",-0.746349208827486,-0.63
"1230",2002,"Jun",-0.465430597518628,-0.35
"1231",2002,"Jul",-0.128298270205366,-0.31
"1232",2002,"Aug",0.517187661473478,0.6
"1233",2002,"Sep",0.213505354120954,0.43
"1234",2002,"Oct",0.294775760740635,0.42
"1235",2002,"Nov",1.30174323481997,1.51
"1236",2002,"Dec",1.7687125472809,2.1
"1237",2003,"Jan",1.68569038731071,2.09
"1238",2003,"Feb",1.53166627829662,1.75
"1239",2003,"Mar",1.46485832060893,1.51
"1240",2003,"Apr",0.812497673454832,1.18
"1241",2003,"May",0.747942894888011,0.89
"1242",2003,"Jun",0.168289561565556,0.68
"1243",2003,"Jul",0.706239514294659,0.96
"1244",2003,"Aug",1.02541023032257,0.88
"1245",2003,"Sep",0.431199166274879,0.01
"1246",2003,"Oct",1.20928090286445,0.83
"1247",2003,"Nov",0.332798713928722,0.52
"1248",2003,"Dec",-0.120676597969305,0.33
"1249",2004,"Jan",-0.158398820935416,0.43
"1250",2004,"Feb",0.167854674760208,0.48
"1251",2004,"Mar",0.288725068042471,0.61
"1252",2004,"Apr",0.407400480171765,0.57
"1253",2004,"May",0.950655483725415,0.88
"1254",2004,"Jun",0.39762739257533,0.04
"1255",2004,"Jul",0.537685294369519,0.44
"1256",2004,"Aug",0.686349867935225,0.85
"1257",2004,"Sep",0.302200065546067,0.75
"1258",2004,"Oct",-0.41913780213804,-0.11
"1259",2004,"Nov",-0.860504920007388,-0.63
"1260",2004,"Dec",-0.367985800173288,-0.17
"1261",2005,"Jan",0.00694968500526873,0.44
"1262",2005,"Feb",0.295607932895023,0.81
"1263",2005,"Mar",0.945778550442444,1.36
"1264",2005,"Apr",0.597031664306903,1.03
"1265",2005,"May",1.53316624020921,1.86
"1266",2005,"Jun",1.09931699778464,1.17
"1267",2005,"Jul",0.623281533279472,0.66
"1268",2005,"Aug",0.367098271833819,0.25
"1269",2005,"Sep",-0.405306299236805,-0.46
"1270",2005,"Oct",-1.17925860580065,-1.32
"1271",2005,"Nov",-1.22459600844066,-1.5
"1272",2005,"Dec",-0.0672820165675208,0.2
"1273",2006,"Jan",0.575458134456522,1.03
"1274",2006,"Feb",0.551975196634156,0.66
"1275",2006,"Mar",-0.255298675067116,0.05
"1276",2006,"Apr",-0.290705150233218,0.4
"1277",2006,"May",-0.165207141361622,0.48
"1278",2006,"Jun",0.263024120029575,1.04
"1279",2006,"Jul",0.533322944780301,0.35
"1280",2006,"Aug",-0.352550588644787,-0.65
"1281",2006,"Sep",-0.924577649292388,-0.94
"1282",2006,"Oct",-0.0366621218370079,-0.05
"1283",2006,"Nov",-0.364768844821788,-0.22
"1284",2006,"Dec",-0.128965699775392,0.14
"1285",2007,"Jan",-0.254545960473727,0.01
"1286",2007,"Feb",-0.131559483635371,0.04
"1287",2007,"Mar",-0.622904274105413,-0.36
"1288",2007,"Apr",-0.16709289670337,0.16
"1289",2007,"May",-0.0453979095870675,-0.1
"1290",2007,"Jun",0.295725777473367,0.09
"1291",2007,"Jul",0.828289338534455,0.78
"1292",2007,"Aug",0.606763976652306,0.5
"1293",2007,"Sep",-0.330802337810832,-0.36
"1294",2007,"Oct",-1.6456602014421,-1.45
"1295",2007,"Nov",-0.972838193761468,-1.08
"1296",2007,"Dec",-0.473210304892503,-0.58
"1297",2008,"Jan",-1.01921547631254,-1
"1298",2008,"Feb",-1.03283549868138,-0.77
"1299",2008,"Mar",-0.764301059725315,-0.71
"1300",2008,"Apr",-1.18682931620233,-1.52
"1301",2008,"May",-1.09478156988929,-1.37
"1302",2008,"Jun",-1.41480107074406,-1.34
"1303",2008,"Jul",-1.23963096968694,-1.67
"1304",2008,"Aug",-0.927487271591501,-1.7
"1305",2008,"Sep",-0.955852038455388,-1.55
"1306",2008,"Oct",-1.11575679768899,-1.76
"1307",2008,"Nov",-1.05503935370193,-1.25
"1308",2008,"Dec",-1.02063039307519,-0.87
"1309",2009,"Jan",-1.48792557662081,-1.4
"1310",2009,"Feb",-1.31741483620467,-1.55
"1311",2009,"Mar",-1.52113200024374,-1.59
"1312",2009,"Apr",-1.72449281655738,-1.65
"1313",2009,"May",-0.922555744594072,-0.88
"1314",2009,"Jun",-0.524561213301607,-0.31
"1315",2009,"Jul",-0.407593571314653,-0.53
"1316",2009,"Aug",-0.0619459531942656,0.09
"1317",2009,"Sep",0.603438301454358,0.52
"1318",2009,"Oct",0.308587097090435,0.27
"1319",2009,"Nov",-0.544646633497168,-0.4
"1320",2009,"Dec",-0.199974910126905,0.08
"1321",2010,"Jan",0.215998788961989,0.83
"1322",2010,"Feb",0.503852369255785,0.82
"1323",2010,"Mar",0.228201400050809,0.44
"1324",2010,"Apr",0.150334844412232,0.78
"1325",2010,"May",0.0460656437520351,0.62
"1326",2010,"Jun",-0.448629406728427,-0.22
"1327",2010,"Jul",-1.29337481141917,-1.05
"1328",2010,"Aug",-1.31020455316988,-1.27
"1329",2010,"Sep",-1.37005381784805,-1.61
"1330",2010,"Oct",-0.697449585777409,-1.06
"1331",2010,"Nov",-0.891966288260741,-0.82
"1332",2010,"Dec",-1.33277063799418,-1.21
"1333",2011,"Jan",-1.31222144108826,-0.92
"1334",2011,"Feb",-0.959506881202438,-0.83
"1335",2011,"Mar",-0.812548998225107,-0.69
"1336",2011,"Apr",-0.723351147603985,-0.42
"1337",2011,"May",-0.502734190361442,-0.37
"1338",2011,"Jun",-0.888678251258059,-0.69
"1339",2011,"Jul",-1.82147633793959,-1.86
"1340",2011,"Aug",-1.8735028594202,-1.74
"1341",2011,"Sep",-1.74321268193933,-1.79
"1342",2011,"Oct",-1.22858151075193,-1.34
"1343",2011,"Nov",-2.20523488439112,-2.33
"1344",2011,"Dec",-1.88477803336771,-1.79
"1345",2012,"Jan",-1.53107656110623,-1.38
"1346",2012,"Feb",-1.07270035730188,-0.85
"1347",2012,"Mar",-1.23464097659255,-1.05
"1348",2012,"Apr",-0.717657021907712,-0.27
"1349",2012,"May",-1.5403661308019,-1.26
"1350",2012,"Jun",-1.24602061892137,-0.87
"1351",2012,"Jul",-1.85151985563202,-1.52
"1352",2012,"Aug",-1.92318277706654,-1.93
"1353",2012,"Sep",-2.24673950358768,-2.21
"1354",2012,"Oct",-0.815808057232187,-0.79
"1355",2012,"Nov",-0.465671193105234,-0.59
"1356",2012,"Dec",-1.22500628668731,-0.48
"1357",2013,"Jan",-0.919844779014148,-0.13
"1358",2013,"Feb",-1.00333423059072,-0.43
"1359",2013,"Mar",-0.93926936842307,-0.63
"1360",2013,"Apr",-0.487009861158457,-0.16
"1361",2013,"May",-0.337583385236728,0.08
"1362",2013,"Jun",-0.747629178067925,-0.78
"1363",2013,"Jul",-0.68554584765029,-1.25
"1364",2013,"Aug",-0.583078251942833,-1.04
"1365",2013,"Sep",-0.313135333106075,-0.48
"1366",2013,"Oct",-1.18078031558375,-0.87
"1367",2013,"Nov",-0.800914061107608,-0.11
"1368",2013,"Dec",-0.864066766248676,-0.41
"1369",2014,"Jan",-0.465947587883589,0.3
"1370",2014,"Feb",-0.218634006511444,0.38
"1371",2014,"Mar",0.476127147311136,0.97
"1372",2014,"Apr",0.648202308885951,1.13
"1373",2014,"May",1.30524676464187,1.8
"1374",2014,"Jun",0.0584305281587964,0.82
"1375",2014,"Jul",0.8817946433669,0.7
"1376",2014,"Aug",1.02930868061389,0.67
"1377",2014,"Sep",1.30350918671896,1.08
"1378",2014,"Oct",1.69033259193398,1.49
"1379",2014,"Nov",1.49090934168232,1.72
"1380",2014,"Dec",1.8879673302022,2.51
"1381",2015,"Jan",1.6130836821473,2.45
"1382",2015,"Feb",1.63296079518512,2.3
"1383",2015,"Mar",1.58777978116007,2
"1384",2015,"Apr",1.23228539851902,1.44
"1385",2015,"May",0.973621249858441,1.2
"1386",2015,"Jun",1.20908624394772,1.54
"1387",2015,"Jul",1.60755351390546,1.84
"1388",2015,"Aug",1.25171371676378,1.56
"1389",2015,"Sep",1.02200217917196,1.94
"1390",2015,"Oct",0.94635480015924,1.47
"1391",2015,"Nov",0.458630836608067,0.86
"1392",2015,"Dec",0.597918108168992,1.01
"1393",2016,"Jan",1.0560206263967,1.53
"1394",2016,"Feb",1.60124021051262,1.75
"1395",2016,"Mar",1.91506268167542,2.4
"1396",2016,"Apr",2.07937411105521,2.62
"1397",2016,"May",2.10923171187278,2.35
"1398",2016,"Jun",1.4071487653307,2.03
"1399",2016,"Jul",1.13149569385159,1.25
"1400",2016,"Aug",0.301882910536828,0.52
"1401",2016,"Sep",0.0930967624257404,0.45
"1402",2016,"Oct",0.387993222931843,0.56
"1403",2016,"Nov",1.46677633926617,1.88
"1404",2016,"Dec",1.04596491521688,1.17
"1405",2017,"Jan",0.529935749107309,0.77
"1406",2017,"Feb",0.533049770546575,0.7
"1407",2017,"Mar",0.500683591551412,0.74
"1408",2017,"Apr",0.91116362926184,1.12
"1409",2017,"May",0.945905304565786,0.88
"1410",2017,"Jun",0.842419161717967,0.79
"1411",2017,"Jul",0.347195311557424,0.1
"1412",2017,"Aug",0.298611892355983,0.09
"1413",2017,"Sep",0.452774507570343,0.32
"1414",2017,"Oct",-0.0605186905054524,0.05
"1415",2017,"Nov",-0.260774708988469,0.15
"1416",2017,"Dec",0.16728929313332,0.5
"1417",2018,"Jan",0.648779005433714,0.7
"1418",2018,"Feb",0.256392455091696,0.37
"1419",2018,"Mar",-0.101934210641486,-0.05
"1420",2018,"Apr",-0.128051639968675,0.11
"1421",2018,"May",0.219217386923109,0.11
"1422",2018,"Jun",-0.0567793799602157,-0.04
"1423",2018,"Jul",0.414330037896302,0.11
"1424",2018,"Aug",0.39537335271428,0.18
"1425",2018,"Sep",0.322256284363837,0.09
"1426",2018,"Oct",0.196995289231266,0.310550063860613
"1427",2018,"Nov",0.0594352361535997,0.165805141188384
"1428",2018,"Dec",0.401907965427179,0.526165490046811
"1429",2019,"Jan",0.168147741362825,0.280195785913777
"1430",2019,"Feb",0.0321207682529851,0.137064017179982
"1431",2019,"Mar",0.480365193430235,0.608720600678878
"1432",2019,"Apr",0.775155533494779,0.918908071696147
"1433",2019,"May",1.05235498014514,1.21058586312254
"1434",2019,"Jun",0.672643715780456,0.811041981242752
"1435",2019,"Jul",1.15486556530574,1.31845065664496
