Year,Mon,Ver,TotalArc,Okhotsk,Bering,Hudson,Baffin,Grnland,BarKara,ArctOcn,CanArch,StLawr
1978,11,v3.1,10043111,0,35001,750802,677453,549750,1316957,5972819,740326,0
1978,12,v3.1,12092777,395525,198889,1205442,838329,780721,1709559,6098722,737378,45258
1979,1,v3.1,13674459,1218439,262106,1216827,968200,929960,1920087,6114589,735531,101842
1979,2,v3.1,14421928,1384651,467345,1222743,1027761,946765,2043999,6125711,734342,171007
1979,3,v3.1,14477073,1423324,543127,1218009,1149406,831926,2061652,6129090,734772,156470
1979,4,v3.1,13554283,1100233,334503,1210399,998984,761284,2089953,6137601,735512,44641
1979,5,v3.1,11937067,302656,140297,1156966,856158,664861,1963646,6090008,736380,0
1979,6,v3.1,10298509,33534,12157,942502,663405,556665,1521494,5841697,727051,0
1979,7,v3.1,8209823,0,0,307147,371481,367625,920644,5570645,672280,0
1979,8,v3.1,6265366,0,0,97225,90018,227805,322529,4906314,621472,0
1979,9,v3.1,5556549,0,0,5532,43937,197032,74858,4647895,587293,0
1979,10,v3.1,7235597,0,0,94042,129662,334981,618472,5366005,692433,0
1979,11,v3.1,9518500,78226,38927,469781,580324,439903,1228646,5945236,737452,0
1979,12,v3.1,11691404,401853,305032,1116536,824951,541365,1576363,6138076,735769,8318
1980,1,v3.1,13070122,876074,575690,1211975,980200,660870,1735766,6124935,734603,71539
1980,2,v3.1,14080633,1247648,718052,1221853,1062974,780017,1821140,6125281,733345,167804
1980,3,v3.1,14145429,1279791,690592,1221694,1134028,778889,1812911,6140867,734281,148403
1980,4,v3.1,13525955,1114699,584697,1212415,1076406,712879,1764284,6135692,733886,44944
1980,5,v3.1,11856830,470285,265446,1127340,885594,612979,1624192,6096844,735029,0
1980,6,v3.1,10140502,84288,21501,899481,662598,529978,1436475,5817582,688596,0
1980,7,v3.1,8137152,0,0,349391,396234,408754,986483,5359173,637114,0
1980,8,v3.1,6401889,0,0,83487,81865,304826,550111,4869281,512317,0
1980,9,v3.1,6263496,0,0,6718,31636,323688,421619,4947673,532158,0
1980,10,v3.1,7705253,0,0,54863,157012,443482,726169,5660187,663538,0
1980,11,v3.1,9779252,13538,48750,415257,502619,622577,1423859,6015007,737640,0
1980,12,v3.1,11896031,182088,352106,1155815,771211,763942,1729181,6138437,738360,0
1981,1,v3.1,13102040,613276,588272,1217398,1023216,832566,1734267,6134801,737474,126229
1981,2,v3.1,13726830,1061723,648115,1215753,1141469,783431,1719217,6124257,736428,156232
1981,3,v3.1,13742437,1147238,632224,1209903,1015958,766978,1911989,6118441,736031,23779
1981,4,v3.1,13136471,759667,418477,1213270,1035730,742132,1987689,6127500,735359,0
1981,5,v3.1,11917490,151939,160025,1175522,883459,728686,1919226,6108250,727315,0
1981,6,v3.1,10237028,49936,15737,957464,619082,664811,1518484,5738962,672547,0
1981,7,v3.1,8073398,0,0,405712,280143,521989,1059443,5207869,598239,0
1981,8,v3.1,5986728,0,0,41405,48549,357339,588394,4505420,445619,0
1981,9,v3.1,5771825,0,0,20275,40609,281949,482020,4530931,416037,0
1981,10,v3.1,7424284,0,0,37263,81951,494228,706229,5511551,593059,0
1981,11,v3.1,9344991,0,102251,265619,516376,605943,1064277,6055887,734636,0
1981,12,v3.1,11669384,209692,361009,951788,791598,812213,1611896,6127322,740028,0
1982,1,v3.1,13297087,757017,465899,1209199,941695,926009,1928746,6134468,736249,47493
1982,2,v3.1,14114266,1058109,489581,1221700,1248405,891761,1969259,6145211,734979,164431
1982,3,v3.1,14190658,1163841,531314,1222356,1333055,812810,1915672,6127486,736990,188565
1982,4,v3.1,13636485,912045,517633,1217178,1200106,805750,1931456,6121976,737887,76159
1982,5,v3.1,12058395,284407,275134,1170718,1046718,687893,1700575,6095512,738986,9317
1982,6,v3.1,10419688,63373,29402,956098,789923,597524,1465430,5828686,689249,0
1982,7,v3.1,8285040,0,0,383576,346809,474552,1040722,5400066,639313,0
1982,8,v3.1,6377588,0,0,76507,87276,293119,502230,4904754,513698,0
1982,9,v3.1,5792441,0,0,23250,53167,368526,365593,4472448,509456,0
1982,10,v3.1,7836741,0,0,70935,243314,439184,963370,5441037,678898,0
1982,11,v3.1,10047862,53842,62883,542503,663960,521369,1457812,6006440,739050,0
1982,12,v3.1,11900908,450433,248289,1185639,1045778,643391,1482857,6082749,739841,21928
1983,1,v3.1,13107574,763757,557332,1219586,1453519,642897,1518171,6079771,735649,86862
1983,2,v3.1,14133104,1227723,674582,1222362,1546104,766096,1622126,6076904,734979,148159
1983,3,v3.1,14176997,1207809,678451,1224169,1594811,758928,1605603,6106331,734443,131373
1983,4,v3.1,13292428,678019,557434,1218715,1480338,685766,1662187,6119098,734167,69628
1983,5,v3.1,11723647,159792,201119,1199322,1119874,622558,1528562,6095152,738308,23222
1983,6,v3.1,10329666,59700,24483,1046790,814116,526666,1224531,5937435,695942,0
1983,7,v3.1,8483707,0,0,595736,500146,364021,776213,5585893,661695,0
1983,8,v3.1,6267568,0,0,146779,171118,266664,353765,4818124,511115,0
1983,9,v3.1,5939821,0,0,86387,96186,312518,166558,4827286,450885,0
1983,10,v3.1,7741583,0,18886,114429,263474,419307,487107,5790074,648304,0
1983,11,v3.1,9873503,10965,126418,423623,711670,558988,1200736,6096365,736913,0
1983,12,v3.1,11679393,182070,171744,1140945,1014201,646008,1588603,6114570,738486,12159
1984,1,v3.1,12730838,495765,352582,1220081,1470675,580987,1559190,6107866,737195,112513
1984,2,v3.1,13444845,683079,707045,1223710,1626628,579170,1469809,6081114,738609,195796
1984,3,v3.1,13730889,756897,763085,1221832,1520836,668900,1622934,6086192,737093,184975
1984,4,v3.1,13204817,572247,685504,1211546,1404008,606235,1691464,6105572,735878,84647
1984,5,v3.1,11734433,130568,339418,1137733,1161657,588394,1462597,6087985,733578,39655
1984,6,v3.1,10037389,36650,23274,923368,786063,544408,1163498,5860167,696868,3089
1984,7,v3.1,8004803,0,0,446551,412976,388755,592047,5537934,626539,0
1984,8,v3.1,6097501,0,0,109763,73324,193340,270901,4970755,479415,0
1984,9,v3.1,5531696,0,0,28068,42428,227962,143788,4625232,464216,0
1984,10,v3.1,7111011,0,0,61786,109871,368640,440782,5477558,652372,0
1984,11,v3.1,9284336,40596,42293,574940,486460,485466,1069856,5845542,739179,0
1984,12,v3.1,11274985,363210,203690,1151183,982938,473018,1316733,6025951,739199,14213
1985,1,v3.1,12883333,854138,344339,1219349,1250115,577550,1563308,6070015,737859,139034
1985,2,v3.1,13602794,998444,387609,1221948,1282458,659284,1703743,6088708,736263,226418
1985,3,v3.1,13943709,1081093,621371,1224747,1372394,706843,1611777,6096593,736703,213383
1985,4,v3.1,13492245,657324,692616,1219574,1198064,799397,1821723,6109462,736232,89185
1985,5,v3.1,12081067,361291,384100,1170438,971635,656508,1632175,6099572,731850,31681
1985,6,v3.1,10051175,59944,37975,950999,621986,548882,1198303,5937688,690872,4522
1985,7,v3.1,7765264,0,308,452618,193528,290781,681041,5534364,612621,0
1985,8,v3.1,5758514,0,0,60740,41962,110913,145270,4928646,470980,0
1985,9,v3.1,5435922,0,0,25945,40330,142027,52815,4738869,435933,0
1985,10,v3.1,7051067,0,2127,41096,91998,366099,222015,5677687,650042,0
1985,11,v3.1,9366617,9063,68370,496077,453904,501562,1045058,6052320,740261,0
1985,12,v3.1,11291881,229685,134740,1126979,684214,695081,1510218,6089379,741671,0
1986,1,v3.1,12951789,674988,435573,1217784,971701,808614,1715479,6102382,737495,149010
1986,2,v3.1,13888324,1064143,553879,1222123,1095281,875289,1737530,6109596,737592,232327
1986,3,v3.1,14075813,1078403,685363,1221081,1180400,877201,1706441,6120873,736046,234215
1986,4,v3.1,13241570,634788,552751,1213587,1048929,925257,1784038,6118015,738254,104588
1986,5,v3.1,11568397,134826,200480,1147518,833373,720658,1694274,6066732,736166,0
1986,6,v3.1,10022319,41728,6366,924199,635672,579397,1385969,5753900,695085,0
1986,7,v3.1,8190833,0,0,421403,424729,399370,904037,5380748,660542,0
1986,8,v3.1,6189240,0,0,80057,132559,221806,446876,4725639,582301,0
1986,9,v3.1,6017837,0,0,34853,42593,223420,425959,4739657,551352,0
1986,10,v3.1,7938601,0,289,132508,331526,391098,709473,5690049,683654,0
1986,11,v3.1,9851561,33100,23081,862731,706232,485474,1096721,5900506,742986,727
1986,12,v3.1,11648093,214665,224813,1206072,974313,560197,1512057,6117025,739451,45841
1987,1,v3.1,13190899,782646,479122,1217095,1169690,703909,1637655,6100840,739483,136997
1987,2,v3.1,14241548,1125768,610808,1221206,1233507,850387,1875905,6101598,739666,216324
1987,3,v3.1,13974886,896155,592350,1220879,1199847,828610,1844395,6113874,738941,193064
1987,4,v3.1,13426644,612855,546028,1212862,1211570,727107,1954149,6136461,736517,107974
1987,5,v3.1,11921381,165846,317973,1170987,973908,667271,1696349,6117194,741255,13556
1987,6,v3.1,10358862,32259,47223,1001367,744767,535569,1443366,5846731,707577,0
1987,7,v3.1,8151723,0,0,425492,393792,387094,948323,5331650,665370,0
1987,8,v3.1,6561619,0,0,92242,63887,319044,318036,5270154,498254,0
1987,9,v3.1,6768690,0,0,53767,35836,344071,200282,5641042,493688,0
1987,10,v3.1,8525319,0,0,95415,227602,474735,782283,6299945,645337,0
1987,11,v3.1,10494398,17264,60456,434817,571879,640802,1245085,6800978,723111,0
1988,2,v3.1,14691074,1035954,572867,1223372,1243364,839495,1771771,6944416,729861,214710
1988,3,v3.1,15002913,1131656,747815,1222015,1190824,934518,1780329,6933721,730616,186439
1988,4,v3.1,14076001,633326,647855,1197771,1055374,914858,1835065,6913465,727290,65395
1988,5,v3.1,12379194,180461,189084,1139128,898698,714178,1636199,6873166,718811,2339
1988,6,v3.1,10609498,43266,14423,881653,645799,564185,1220010,6592552,647606,0
1988,7,v3.1,8554898,0,0,345238,302821,399522,770164,6161844,575307,0
1988,8,v3.1,6790670,0,0,74565,80495,262376,385651,5538842,448738,0
1988,9,v3.1,6795061,0,0,33615,25238,302757,384932,5613935,434581,0
1988,10,v3.1,8636675,0,1915,45420,57214,489155,966336,6512191,564440,0
1988,11,v3.1,10666232,11737,113711,295837,479365,663503,1511809,6850750,734040,0
1988,12,v3.1,12834562,101517,492322,1064424,814093,944540,1671837,6924102,739195,16421
1989,1,v3.1,14054113,533529,619000,1222789,1079205,958865,1769206,6924607,737267,139558
1989,2,v3.1,14504457,920005,429761,1223469,1310843,872126,1797773,6920619,733718,231244
1989,3,v3.1,14371000,859119,464909,1221606,1327351,877557,1695634,6920632,731263,214200
1989,4,v3.1,13254504,429402,293015,1212538,1190592,764346,1623705,6898728,734187,67824
1989,5,v3.1,12007838,104321,94431,1159050,913470,704194,1415290,6873991,730277,345
1989,6,v3.1,10838881,0,3833,910140,705227,673781,1254800,6623889,667208,0
1989,7,v3.1,8721233,0,0,310612,353132,490255,847556,6118237,601438,0
1989,8,v3.1,6813252,0,0,89561,94427,346192,596041,5269998,417031,0
1989,9,v3.1,6348152,0,0,36893,56525,345154,518691,4978544,412342,0
1989,10,v3.1,8297629,0,0,103884,217546,462308,777787,6097693,638408,0
1989,11,v3.1,10463482,32784,66740,524707,606231,589217,1128827,6773673,741301,0
1989,12,v3.1,12600867,210016,301826,1203748,850001,825677,1489011,6922437,740820,23446
1990,1,v3.1,13860479,609591,556648,1222937,1232460,750289,1597916,6884700,743259,190388
1990,2,v3.1,14625834,1033934,730366,1224937,1463228,664567,1562758,6894085,739366,252663
1990,3,v3.1,14840232,1019995,751104,1219124,1498737,733996,1675398,6924499,739944,225110
1990,4,v3.1,13472247,403854,563171,1210743,1295137,731423,1509657,6909696,739565,81748
1990,5,v3.1,11887287,81358,233939,1154185,1058833,649982,1272306,6698692,734677,3311
1990,6,v3.1,10119081,1821,7805,908717,727946,550127,1026789,6203171,692702,0
1990,7,v3.1,7935320,0,0,437293,297607,380228,660372,5519672,640147,0
1990,8,v3.1,5942847,0,0,106785,36108,236944,402318,4664220,496469,0
1990,9,v3.1,5632294,0,0,63232,39612,164525,318306,4551400,495217,0
1990,10,v3.1,7916688,0,0,155450,267684,383784,701106,5753912,654749,0
1990,11,v3.1,10422914,0,56942,439050,663131,524374,1290577,6704834,738961,0
1990,12,v3.1,12279520,171221,315676,1123061,930471,592256,1457820,6912097,733716,17637
1991,1,v3.1,13442825,385702,544804,1224970,1332608,581489,1557210,6886497,736092,155765
1991,2,v3.1,14299214,601653,790886,1220042,1494820,680737,1549306,6901825,735675,240834
1991,3,v3.1,14459673,815265,703901,1219747,1409187,713302,1656706,6935414,733427,194989
1991,4,v3.1,13837523,539706,645801,1218388,1326886,690873,1611562,6934624,738801,88553
1991,5,v3.1,12327000,89100,265224,1162317,1103245,615597,1513130,6829981,725315,17955
1991,6,v3.1,10645669,21002,17538,887112,773862,531648,1210979,6534197,666243,3084
1991,7,v3.1,8276532,0,0,237877,339690,318408,748783,5998965,632807,0
1991,8,v3.1,6477190,0,0,76607,38176,172909,451595,5294660,443239,0
1991,9,v3.1,5829768,0,0,5247,38711,169521,202384,4978642,435260,0
1991,10,v3.1,7928555,0,0,62723,125289,373131,660383,6054244,652784,0
1991,11,v3.1,10181223,4434,47111,447315,569725,511972,1228239,6629474,742328,621
1991,12,v3.1,12219147,173663,281690,1149426,889851,615913,1418599,6893377,744306,38064
1992,1,v3.1,13657686,677275,588829,1208918,1187061,708061,1515303,6894269,737718,114423
1992,2,v3.1,14508320,964498,646141,1220461,1419123,742219,1603061,6910286,731270,227925
1992,3,v3.1,14409442,902200,789142,1223801,1352770,750925,1496678,6901546,732553,230884
1992,4,v3.1,13579518,480590,627304,1219602,1183082,758267,1566121,6903587,732973,90268
1992,5,v3.1,12108165,119205,277728,1186455,1064064,672940,1183917,6866288,731754,5809
1992,6,v3.1,10809097,6374,22836,1074039,733309,613953,1071908,6611336,675339,0
1992,7,v3.1,8870396,0,0,682411,423003,493693,705911,5942022,623354,0
1992,8,v3.1,6793312,0,0,149234,116306,349269,335463,5294029,549009,0
1992,9,v3.1,6790031,0,0,11578,65633,354986,301865,5524305,531661,0
1992,10,v3.1,8733679,1522,5619,68443,102442,459486,949066,6465183,681915,0
1992,11,v3.1,10731625,48024,121687,607650,577297,521809,1334233,6777333,736937,0
1992,12,v3.1,12591795,319755,434384,1194895,981912,552285,1451771,6899472,737402,12941
1993,1,v3.1,13913008,723557,519618,1218455,1482712,648427,1528421,6893613,736254,141045
1993,2,v3.1,14575248,986354,614907,1224378,1605364,712296,1552225,6857030,730691,243981
1993,3,v3.1,14764399,1021810,652615,1223795,1623419,681239,1637889,6898355,732618,235386
1993,4,v3.1,13931721,637628,494474,1219666,1451504,641424,1704515,6902042,731351,115698
1993,5,v3.1,12141856,113675,156699,1133140,1092563,626852,1487715,6811751,712629,1546
1993,6,v3.1,10292964,0,0,861469,714068,593466,1144394,6323207,656357,0
1993,7,v3.1,7939744,0,0,205054,398926,468356,690426,5588143,588837,0
1993,8,v3.1,5972006,0,0,74462,113896,290859,309552,4771714,411519,0
1993,9,v3.1,5685859,0,0,3593,58040,322985,252024,4657188,392026,0
1993,10,v3.1,8133207,0,0,41187,170931,461802,812049,6028458,618777,0
1993,11,v3.1,10553883,8206,23945,680420,677287,490363,1291182,6646233,736243,0
1993,12,v3.1,12424800,347184,313451,1181568,955146,548157,1418238,6910221,740501,0
1994,1,v3.1,13823094,769663,527829,1222528,1180693,567800,1694398,6896362,734936,148689
1994,2,v3.1,14550850,906423,512640,1223643,1475605,594551,1781131,6878102,735358,250252
1994,3,v3.1,14491268,771630,726418,1221945,1400872,628693,1727475,6892921,736945,229840
1994,4,v3.1,13751660,517314,661573,1214908,1222417,588570,1697887,6913454,734444,116537
1994,5,v3.1,12430588,208788,339518,1153986,927445,570966,1594113,6888956,721004,11518
1994,6,v3.1,10713472,92502,23076,932480,621613,495893,1192216,6709594,644738,1356
1994,7,v3.1,8622256,0,0,384420,290097,373597,713271,6283222,577646,0
1994,8,v3.1,6585604,0,0,47202,53287,269096,287641,5520836,407540,0
1994,9,v3.1,6481867,0,0,10233,39902,329890,164870,5532952,404016,0
1994,10,v3.1,8305291,0,3872,46798,203398,504747,477303,6450667,618504,0
1994,11,v3.1,10393853,47826,117476,199318,524265,607641,1335055,6835244,727024,0
1994,12,v3.1,12369390,323515,476419,1056881,857129,577247,1427651,6909120,740617,442
1995,1,v3.1,13637971,767850,656787,1213916,1125453,599089,1548187,6907099,736236,59018
1995,2,v3.1,14208578,893722,789441,1219540,1257469,653496,1511661,6899612,733078,197854
1995,3,v3.1,14215933,879463,754669,1219267,1324104,662221,1495472,6891786,735706,206505
1995,4,v3.1,13220545,600991,652167,1204982,1144209,707881,1206433,6882887,735739,73239
1995,5,v3.1,11686610,155471,174937,1112689,832854,703272,1153929,6824738,728717,0
1995,6,v3.1,9885859,0,811,783313,577716,572795,847755,6471821,631644,0
1995,7,v3.1,7613422,0,0,243916,317517,416956,337208,5726082,571741,0
1995,8,v3.1,5676918,0,0,43553,49452,351449,48093,4791363,393006,0
1995,9,v3.1,5439389,0,0,3131,45472,356461,8787,4603100,422436,0
1995,10,v3.1,7188932,0,0,34043,222352,427829,322762,5541615,640329,0
1995,11,v3.1,9994687,0,32948,317406,507089,571220,1226053,6602619,737348,0
1995,12,v3.1,12089841,81164,232657,1149970,778267,674841,1508120,6905066,743437,0
1996,1,v3.1,13187147,351785,441404,1215229,1057606,711638,1623477,6933608,737689,10438
1996,2,v3.1,14140975,656617,537688,1220563,1201701,754175,1756678,6932723,737901,168222
1996,3,v3.1,14088730,879230,443754,1220318,1147808,742792,1643834,6941041,736576,157049
1996,4,v3.1,13157182,354164,374155,1213576,1017006,771158,1652484,6922589,737839,16237
1996,5,v3.1,12043431,73478,77813,1134835,855462,732224,1557982,6860616,732876,0
1996,6,v3.1,10736967,0,0,924469,741446,534275,1241987,6635890,658897,0
1996,7,v3.1,8773543,0,0,342749,469011,339633,799794,6265848,556505,0
1996,8,v3.1,7149705,0,0,62650,203619,157798,438582,5820130,466924,0
1996,9,v3.1,7052371,0,0,25867,119388,179384,409592,5860562,457575,0
1996,10,v3.1,8562843,0,0,48580,370854,330362,740592,6428540,643912,0
1996,11,v3.1,9650414,7933,18715,258900,648145,489774,926737,6563985,736223,0
1996,12,v3.1,11986461,202545,256305,990152,762549,793665,1327473,6895416,737323,0
1997,1,v3.1,13367384,503013,450307,1213106,898496,937888,1630044,6918612,734896,11116
1997,2,v3.1,14438389,781816,643182,1220937,1215564,880701,1782568,6908214,731562,185204
1997,3,v3.1,14403393,783493,682773,1219344,1261175,815653,1697656,6922061,734626,206448
1997,4,v3.1,13507564,314468,484852,1216821,1088150,738655,1880755,6929212,735657,67932
1997,5,v3.1,12011110,66352,126064,1153016,873025,697490,1505681,6840610,726025,3818
1997,6,v3.1,10166576,2050,0,821003,622227,586940,1034015,6423204,677134,0
1997,7,v3.1,8035694,0,0,253170,274163,452253,555407,5894755,605943,0
1997,8,v3.1,6322439,0,0,45037,62526,282563,174698,5268312,489300,0
1997,9,v3.1,6070756,0,0,26294,55873,298401,79082,5086445,524660,0
1997,10,v3.1,7655468,0,0,60653,260983,411546,330433,5932876,658974,0
1997,11,v3.1,10017433,10724,16929,367189,548398,609698,1247263,6480046,737182,0
1997,12,v3.1,12294425,216365,336960,1076896,726583,734557,1538549,6908632,737780,3335
1998,1,v3.1,13808399,647762,648245,1219719,986508,837846,1694990,6918066,739529,62963
1998,2,v3.1,14773205,1008444,834053,1219368,1146719,782513,1891316,6919555,733205,152296
1998,3,v3.1,14581330,1049505,696416,1216832,1158038,715308,1913657,6925500,733976,71563
1998,4,v3.1,13824316,623792,521595,1207163,1055525,697218,1976100,6930813,730427,16584
1998,5,v3.1,12393409,214622,251625,1069194,850261,628732,1827794,6840650,695619,936
1998,6,v3.1,10188746,28443,13275,576326,539727,580020,1449608,6418574,582769,0
1998,7,v3.1,7944766,0,0,123109,216344,445186,891799,5764135,504190,0
1998,8,v3.1,6155497,0,0,34318,42977,278338,401795,5113972,284093,0
1998,9,v3.1,5671193,0,94,0,40673,270978,350830,4849911,158703,0
1998,10,v3.1,7773795,0,0,15167,108389,405214,992703,5796284,456034,0
1998,11,v3.1,9751138,33436,18784,130054,442905,453065,1494633,6468487,708888,0
1998,12,v3.1,11923162,444490,291277,716498,674756,537443,1576546,6909447,742729,0
1999,1,v3.1,13491404,648335,556053,1206010,959856,596448,1730277,6909232,742854,73433
1999,2,v3.1,14343540,936572,720903,1221930,1141774,585772,1799193,6914116,740990,160642
1999,3,v3.1,14397800,1038349,767051,1214903,1147870,573409,1788871,6905709,739672,100250
1999,4,v3.1,14001714,841829,770331,1194784,1009911,605723,1840601,6921768,740427,18293
1999,5,v3.1,12533788,276482,379838,1053748,904240,522200,1759433,6894460,728605,1370
1999,6,v3.1,10366239,70108,54802,539956,649887,425860,1357177,6615635,652810,0
1999,7,v3.1,8204192,0,0,146024,291383,292266,923519,5977499,573500,0
1999,8,v3.1,5941031,0,0,66031,76789,254372,453443,4708995,381397,0
1999,9,v3.1,5456457,0,0,17910,52253,270423,260350,4542254,313266,0
1999,10,v3.1,7994414,0,0,38271,142507,392974,776866,6044359,599434,0
1999,11,v3.1,10152099,10503,110832,275190,603587,460011,1164791,6789980,737201,0
1999,12,v3.1,11841601,164556,524326,820191,788114,536426,1342990,6913140,741141,5153
2000,1,v3.1,13286012,503757,788946,1212085,1016993,554931,1452180,6912417,740646,53440
2000,2,v3.1,14171443,1078987,654309,1218161,1204292,604109,1525017,6934032,734637,135059
2000,3,v3.1,14195745,1170794,644079,1213423,1245496,595497,1529990,6902561,737521,54886
2000,4,v3.1,13454595,647342,596537,1206623,1044510,677919,1552408,6905940,740728,14140
2000,5,v3.1,12011837,104260,277962,1123441,885223,639514,1344791,6888897,735174,793
2000,6,v3.1,10268596,27410,46505,810630,560410,581514,1038144,6538345,665633,0
2000,7,v3.1,8137502,0,0,327043,219006,414274,545509,6006812,624855,0
2000,8,v3.1,6093612,0,0,57982,42072,255121,217639,5124486,396309,0
2000,9,v3.1,5621811,0,0,12546,42099,252131,132515,4816545,365973,0
2000,10,v3.1,7787956,0,0,30263,120822,374402,407299,6201641,653527,0
2000,11,v3.1,9676379,48316,23026,287573,440150,474032,902954,6759083,741241,0
2000,12,v3.1,11784560,397364,168831,1048133,692766,595768,1259479,6881924,739455,0
2001,1,v3.1,13306080,871369,425420,1217059,967632,718415,1401325,6908520,735085,23642
2001,2,v3.1,14254733,1338010,387225,1222331,1187186,726256,1535139,6900117,738810,118866
2001,3,v3.1,14561572,1324961,507463,1218823,1101735,802796,1719044,6904200,739014,118810
2001,4,v3.1,13843674,825531,505972,1208624,1037297,792391,1711218,6924157,736220,45388
2001,5,v3.1,12248637,353151,236671,1048179,880233,682245,1425794,6885220,729482,5407
2001,6,v3.1,10149229,84411,11580,579357,577954,546584,996139,6692183,661017,0
2001,7,v3.1,7852064,0,0,136178,224329,304565,479729,6101652,605608,0
2001,8,v3.1,6298729,0,0,55019,32557,164650,195303,5404645,446553,0
2001,9,v3.1,5922447,0,0,17358,44978,118826,90433,5247382,403468,0
2001,10,v3.1,7696752,0,859,20646,98527,302146,310048,6374090,590434,0
2001,11,v3.1,9988808,17395,144792,232676,437998,476030,1070609,6873955,735351,0
2001,12,v3.1,11647843,264976,395251,874026,705357,546976,1200618,6919550,740583,0
2002,1,v3.1,13292175,688913,664353,1194982,877717,658306,1503032,6915737,737599,13357
2002,2,v3.1,14392520,1066305,806248,1221420,1089022,668231,1640847,6913811,735776,173536
2002,3,v3.1,14330299,1122611,579756,1218962,1172845,723575,1684707,6906385,733292,110995
2002,4,v3.1,13244980,647220,410091,1209372,1051974,652802,1585056,6899066,737551,13144
2002,5,v3.1,11931758,156054,141704,1148210,831034,600855,1482088,6831940,738304,1566
2002,6,v3.1,10092730,8549,14702,888690,527849,451928,1141137,6390903,668968,0
2002,7,v3.1,7830909,0,0,260912,207690,217507,648284,5861001,635513,0
2002,8,v3.1,5567752,0,0,48748,40773,83954,218587,4715977,459710,0
2002,9,v3.1,5207044,0,0,21230,34604,112279,225529,4413984,399415,0
2002,10,v3.1,7592170,0,0,27446,63982,241586,774075,5858751,626327,0
2002,11,v3.1,9723295,8358,23264,299001,309476,411498,1266740,6665099,735446,0
2002,12,v3.1,11808786,234278,146733,1104645,651196,478088,1513870,6871684,740426,0
2003,1,v3.1,13446189,786193,406565,1205050,854164,609253,1752950,6904002,738067,62248
2003,2,v3.1,14271253,1059801,549057,1223243,1091028,546814,1768357,6909223,736735,195256
2003,3,v3.1,14488653,1069618,575461,1220818,1166784,613509,1807487,6917791,737696,218838
2003,4,v3.1,13387316,620546,373260,1203000,1044703,597548,1751840,6906509,734945,61781
2003,5,v3.1,11798497,105465,78164,1076811,797767,588827,1598283,6810752,726865,5037
2003,6,v3.1,10080799,0,15709,760669,427701,474679,1317677,6407539,676822,0
2003,7,v3.1,7792410,0,0,203453,140486,310628,915921,5615015,606904,0
2003,8,v3.1,5779409,0,0,35095,24463,110017,552457,4567355,490019,0
2003,9,v3.1,5375607,0,0,15351,30250,115489,430276,4318286,465953,0
2003,10,v3.1,7234265,0,0,15039,55135,334808,651666,5591862,585753,0
2003,11,v3.1,9419438,7152,14499,128853,365518,411431,1181021,6585630,725331,0
2003,12,v3.1,11807372,278078,237602,894504,659611,576378,1506146,6899561,742210,0
2004,1,v3.1,13161562,693328,369247,1210776,824992,608184,1700850,6883964,737689,60936
2004,2,v3.1,13945731,903634,575928,1220632,944328,703410,1723258,6895774,736927,134226
2004,3,v3.1,13985375,848140,598043,1219328,1034929,690262,1705213,6900911,733787,146218
2004,4,v3.1,12930548,417441,441869,1194429,962124,532956,1644962,6913317,734147,32642
2004,5,v3.1,11535187,97535,98512,1119777,751848,478213,1397705,6848222,738467,911
2004,6,v3.1,10070260,18602,16860,903399,517337,415528,1048637,6474366,675527,0
2004,7,v3.1,8050201,0,0,397645,250102,270629,519480,5986079,626264,0
2004,8,v3.1,5817062,0,0,81644,51676,104329,219029,4851581,508800,0
2004,9,v3.1,5456513,0,0,26589,34897,121039,156171,4610265,507551,0
2004,10,v3.1,7347036,0,0,40425,53395,277859,506451,5809559,659345,0
2004,11,v3.1,9710459,14386,40291,327375,477595,408525,1111814,6597876,732594,0
2004,12,v3.1,11736213,244610,235854,1121540,728825,490122,1291724,6882477,736830,171
2005,1,v3.1,12749531,571371,361294,1216799,1004127,513786,1341266,6898639,734180,74008
2005,2,v3.1,13400268,737851,536336,1213445,1107861,604256,1313340,6913967,739263,161812
2005,3,v3.1,13694529,745025,545075,1215458,981988,677139,1595577,6918405,738931,141221
2005,4,v3.1,13156264,440477,557930,1192171,911213,624347,1623524,6963647,734855,48890
2005,5,v3.1,11763668,160975,169357,1087043,766663,562997,1424765,6842704,727420,7459
2005,6,v3.1,9683671,39276,24786,692148,523830,507621,938594,6298830,658582,0
2005,7,v3.1,7293528,0,0,121256,216601,332771,390584,5629890,602423,0
2005,8,v3.1,5225345,0,0,26042,30317,230611,73085,4420146,445142,0
2005,9,v3.1,4915829,0,0,21155,30657,280580,7931,4141746,433757,0
2005,10,v3.1,6727337,0,0,27284,123414,434367,317765,5193425,631079,0
2005,11,v3.1,9554352,1957,98598,191940,447232,512556,952774,6615615,733676,0
2005,12,v3.1,11496947,101045,425166,966140,650622,552385,1118984,6929954,740175,3414
2006,1,v3.1,12582830,400494,680689,1209947,916032,538914,1176935,6846271,743342,23251
2006,2,v3.1,13354207,691552,645578,1218375,1029035,580972,1366579,6884343,741489,79731
2006,3,v3.1,13442851,689600,580987,1208295,928660,633702,1514948,6910457,739223,79707
2006,4,v3.1,12835771,453397,594288,1196279,908857,575491,1384506,6889810,731502,18015
2006,5,v3.1,11289909,117369,304723,1036248,731661,514268,1029253,6825426,720743,0
2006,6,v3.1,9542542,18336,34193,568256,452833,479669,768090,6564727,656434,0
2006,7,v3.1,7189885,0,0,97569,147460,324985,287936,5783154,548778,0
2006,8,v3.1,5413533,0,0,25520,28691,194633,80755,4713876,370054,0
2006,9,v3.1,5151175,0,0,20095,32055,232459,124588,4412227,329749,0
2006,10,v3.1,6923916,0,0,24578,57247,411106,539188,5438705,453089,0
2006,11,v3.1,9009738,8871,20188,83585,277988,480835,956757,6456407,725104,0
2006,12,v3.1,11169730,248386,211229,878163,665525,521280,1120475,6779234,741131,2837
2007,1,v3.1,12832004,665442,564521,1202850,895304,570801,1232619,6905415,737840,37771
2007,2,v3.1,13622151,962903,510241,1214429,984960,614443,1469478,6907114,736238,131381
2007,3,v3.1,13555561,791849,712515,1216294,1050388,604239,1348601,6908857,738237,105461
2007,4,v3.1,12830958,428991,528031,1196392,1046485,649502,1282161,6890568,738491,35068
2007,5,v3.1,11647812,111827,202581,1106375,875721,608658,1189396,6815949,727179,7148
2007,6,v3.1,9496689,24727,5426,763873,546411,523377,881797,6121146,629929,0
2007,7,v3.1,6475289,0,0,144703,176341,351908,396409,4854734,551192,0
2007,8,v3.1,4202359,0,0,47236,32780,274861,136564,3440008,270909,0
2007,9,v3.1,3616555,0,0,0,33394,329185,20518,3025316,208140,0
2007,10,v3.1,5361410,0,0,13511,83546,442974,151245,4164457,505675,0
2007,11,v3.1,9028862,15709,12356,268594,463085,510803,761383,6259540,737388,0
2007,12,v3.1,11189024,164152,148603,1085590,771830,576302,1037691,6655369,741349,8134
2008,1,v3.1,13120172,561178,533728,1216472,1158118,620899,1163652,7052751,736944,66045
2008,2,v3.1,14183524,945255,745316,1217906,1341041,656815,1250698,7093245,731910,165618
2008,3,v3.1,14375315,777755,900762,1218115,1390228,637353,1413120,7075432,732084,187492
2008,4,v3.1,13505687,446032,746813,1212340,1142635,676280,1398094,7081699,735749,50935
2008,5,v3.1,11950152,137446,314170,1106426,832828,625455,1244205,6964410,715506,9702
2008,6,v3.1,9856746,23295,14530,737210,483131,498077,915004,6564471,621025,0
2008,7,v3.1,7482230,0,0,242752,188005,337512,463630,5661639,588690,0
2008,8,v3.1,4960980,0,0,50552,32602,229766,134587,4183297,330174,0
2008,9,v3.1,4191796,0,0,0,33231,178933,41428,3684444,253760,0
2008,10,v3.1,6872138,0,0,23158,102657,359707,307404,5543097,536113,0
2008,11,v3.1,9855536,29566,81726,271023,530027,470725,896321,6848013,728133,0
2008,12,v3.1,11745090,110949,306678,1030057,788563,525863,1172284,7063681,739546,4250
2009,1,v3.1,13185829,393492,676571,1213207,981400,615655,1365359,7092517,738966,87133
2009,2,v3.1,14023406,709958,753587,1220012,1150803,632527,1446781,7083083,739970,210118
2009,3,v3.1,14188512,711519,724373,1219541,1292884,648329,1506744,7085530,734082,186261
2009,4,v3.1,13637536,380505,790621,1209960,1154029,645461,1564987,7084377,738053,32493
2009,5,v3.1,12134378,158885,286134,1127749,875577,556580,1371085,7015843,734987,1482
2009,6,v3.1,10039030,30330,20044,909021,474981,456781,932672,6538475,676342,381
2009,7,v3.1,7441050,0,0,316602,162937,319477,396792,5633933,611308,0
2009,8,v3.1,5249955,0,0,43105,26534,261382,114583,4381084,423264,0
2009,9,v3.1,4793993,0,0,11686,30976,267325,35457,4096151,352395,0
2009,10,v3.1,6450311,0,0,39540,82141,397724,79564,5257654,593685,0
2009,11,v3.1,9320369,36944,91921,207007,514500,472416,593540,6667375,736663,0
2009,12,v3.1,11552478,185444,348684,885686,689346,495636,1155695,7043486,737429,3007
2010,1,v3.1,12969486,481518,580602,1210256,820206,591532,1358792,7072711,739106,17714
2010,2,v3.1,13791293,755540,752333,1216131,907481,618209,1474844,7079781,737901,53471
2010,3,v3.1,14314244,934791,845242,1211336,1005919,659829,1649430,7084189,736696,2016
2010,4,v3.1,13761987,699179,716141,1188264,967163,637074,1634783,7095375,730329,1149
2010,5,v3.1,11660576,193356,295389,1012462,770761,547654,1133550,6984756,712458,0
2010,6,v3.1,9300402,40660,18888,561412,463397,448064,729830,6407508,630639,0
2010,7,v3.1,7058813,0,0,112533,165938,309244,306800,5616836,547459,0
2010,8,v3.1,5041795,0,0,29147,24775,189385,33958,4436886,327643,0
2010,9,v3.1,4345599,0,0,17156,39541,233923,25399,3767384,262193,0
2010,10,v3.1,6555514,0,199,22723,78403,332276,243467,5359011,519433,0
2010,11,v3.1,9164505,21374,26911,58073,289544,466644,871965,6718470,710219,0
2010,12,v3.1,11194667,107105,164008,626243,511285,572727,1354301,7056009,739250,0
2011,1,v3.1,12685546,413331,497740,1057754,638718,608165,1501096,7099735,737740,15502
2011,2,v3.1,13584139,726575,602725,1207746,832185,572897,1594496,7084304,739228,45729
2011,3,v3.1,13690641,800605,579195,1203643,990292,639999,1476638,7079195,738801,40197
2011,4,v3.1,13209759,527897,522899,1182723,992452,616921,1471207,7070035,736500,2621
2011,5,v3.1,11584828,133957,146851,1049634,777376,577986,1187370,6970505,733154,0
2011,6,v3.1,9381796,15468,6826,642796,513130,545857,614653,6403743,639321,0
2011,7,v3.1,6650983,0,0,142584,106399,441801,232109,5189530,538558,0
2011,8,v3.1,4488800,0,0,40724,17212,282279,47822,3837253,263508,0
2011,9,v3.1,4079998,0,0,19486,23891,270012,5811,3567464,193332,0
2011,10,v3.1,5980996,0,0,34299,144726,346117,135136,4829195,491522,0
2011,11,v3.1,9252714,30918,70199,137545,496514,452333,673967,6656528,734708,0
2011,12,v3.1,11488205,281814,342882,885965,750929,534722,879232,7067421,739724,3911
2012,1,v3.1,12994508,564748,701646,1202912,1022812,525141,1133248,7044250,739261,38080
2012,2,v3.1,13645314,874322,839000,1212837,1142030,605111,1011053,7014634,737843,98254
2012,3,v3.1,14316301,1039641,966950,1211611,1328597,589397,1277098,7022011,736879,57327
2012,4,v3.1,13614520,594977,899837,1193456,1119021,651958,1298528,7074108,737968,4557
2012,5,v3.1,11867022,168449,447813,1096284,853358,642304,943357,6973235,740590,166
2012,6,v3.1,9208712,34591,52201,708696,439020,568356,403841,6341627,660377,0
2012,7,v3.1,6435359,0,0,145611,90899,365761,109202,5184990,538894,0
2012,8,v3.1,3686042,0,0,39245,22402,226630,7517,3160330,229916,0
2012,9,v3.1,3056740,0,0,7067,20083,242556,0,2660225,126807,0
2012,10,v3.1,5436966,0,4676,22246,45183,401179,58281,4492791,412607,0
2012,11,v3.1,8863897,16308,107756,192117,312965,466672,337443,6719198,711436,0
2012,12,v3.1,11328092,121142,370586,1018722,678620,532606,808652,7005668,743961,11832
2013,1,v3.1,12875198,584946,606094,1211741,931785,560635,1157161,6958664,742399,38821
2013,2,v3.1,13922207,833702,803267,1216802,1096250,621629,1357443,7047145,735206,97829
2013,3,v3.1,14177088,888513,815089,1215824,1040001,626892,1576304,7083361,737872,44925
2013,4,v3.1,13405890,430096,700444,1209172,975285,685568,1505784,7076335,733390,11857
2013,5,v3.1,12001368,198568,304048,1155998,873016,592867,1137379,6995287,737943,0
2013,6,v3.1,10161276,68964,35465,802866,588778,496472,815667,6667268,685791,0
2013,7,v3.1,7066213,0,0,153997,127173,237780,336715,5624639,585906,0
2013,8,v3.1,5219748,0,0,48428,26133,155883,90498,4505564,393240,0
2013,9,v3.1,4750255,0,0,23191,40334,138125,42957,4139995,365650,0
2013,10,v3.1,6996526,394,0,34695,87867,295010,308009,5716575,553973,0
2013,11,v3.1,9472163,31540,39102,276002,433621,490471,744424,6737446,719553,0
2013,12,v3.1,11549329,67261,155567,1079126,766581,568836,1146064,6992256,740659,25708
2014,1,v3.1,12903468,448396,426206,1212269,1007846,537950,1365747,7034425,737492,90404
2014,2,v3.1,13519112,731265,508771,1220660,1187730,545020,1302508,7005974,737905,209610
2014,3,v3.1,13854718,736159,640310,1223794,1311712,576841,1322368,7051095,733679,209474
2014,4,v3.1,13130247,340506,457189,1215669,1203634,621946,1406962,7061344,737604,69361
2014,5,v3.1,11747209,61770,111674,1149637,912252,602071,1228893,6956704,719264,4138
2014,6,v3.1,9655696,8270,22031,732760,452375,471039,886704,6428237,653249,1027
2014,7,v3.1,7069759,0,0,163872,77926,281881,448026,5508908,589145,0
2014,8,v3.1,5300482,0,0,49241,15028,209033,196811,4372808,457559,0
2014,9,v3.1,4704807,0,0,23010,22361,205354,106077,3937785,410218,0
2014,10,v3.1,6726600,0,0,40122,76621,357261,534502,5098594,619496,0
2014,11,v3.1,9622568,21071,26324,300859,347863,459024,1158038,6579741,729644,0
2014,12,v3.1,11686031,169893,142956,1120466,716370,501982,1297230,6984229,738955,12740
2015,1,v3.1,12870061,447986,276505,1212801,1055613,527731,1454326,7074112,735780,59812
2015,2,v3.1,13628380,570028,484236,1223981,1211830,600140,1535457,7058077,732966,177627
2015,3,v3.1,13493542,526017,490494,1215616,1317960,579811,1358334,7071325,730832,188011
2015,4,v3.1,13012565,439139,463782,1200960,1210887,587020,1255192,7065619,731017,50088
2015,5,v3.1,11516397,130683,89077,1054154,900224,585689,1101824,6946570,706496,1674
2015,6,v3.1,9640175,35992,4845,784548,611746,517366,648010,6415374,622290,0
2015,7,v3.1,6976568,0,0,325812,273907,365469,231559,5219137,560682,0
2015,8,v3.1,4709870,0,0,72925,85513,205029,36751,3962836,346814,0
2015,9,v3.1,4171937,0,0,30886,48948,232502,3615,3618377,237606,0
2015,10,v3.1,6514775,0,0,46868,92257,350329,171067,5312421,541830,0
2015,11,v3.1,9341682,33894,29199,352599,546374,434079,621529,6586338,737666,0
2015,12,v3.1,11363895,152077,246360,979865,869016,459649,920983,6993523,740015,1187
2016,1,v3.1,12686528,531678,399419,1211189,1048546,502928,1158309,7011780,738063,25339
2016,2,v3.1,13359204,935726,508326,1221477,1186242,488496,1144038,7005313,734240,62247
2016,3,v3.1,13538474,934817,560388,1218093,1223508,523387,1196610,7014027,731267,75760
2016,4,v3.1,12684919,485319,436674,1205209,1047822,559256,1162315,7031104,730217,2447
2016,5,v3.1,10880852,118092,69392,1072013,771830,452418,918158,6761821,716540,0
2016,6,v3.1,9111630,19312,2666,789494,479576,373219,496797,6325454,625109,0
2016,7,v3.1,6744516,0,0,212817,178208,240727,120544,5458005,534212,0
2016,8,v3.1,4395196,0,0,36265,32239,174982,25780,3857280,268649,0
2016,9,v3.1,3935646,0,0,15847,25642,215341,5138,3396881,276794,0
2016,10,v3.1,5573412,0,0,31156,70744,322030,17999,4622914,508566,0
2016,11,v3.1,8150346,41842,25146,141821,360277,362948,259498,6233377,724756,0
2016,12,v3.1,10752814,288389,129860,824632,776223,436900,753876,6776976,742702,10627
2017,1,v3.1,12408337,647349,264773,1208934,1041971,499984,1006246,6929416,745686,28893
2017,2,v3.1,13245779,766402,462215,1218381,1163196,527584,1229064,6998462,740568,73008
2017,3,v3.1,13419606,600675,555747,1211907,1168877,622160,1307904,7058482,741843,90156
2017,4,v3.1,12842336,296070,324002,1200373,1162648,670192,1355964,7061209,737969,14054
2017,5,v3.1,11643236,81525,43577,1088211,962894,629339,1244245,6872539,715126,1633
2017,6,v3.1,9356329,9015,4974,599455,549758,515122,741299,6279272,656319,1111
2017,7,v3.1,6871061,0,0,127661,237145,332962,317801,5319994,535496,0
2017,8,v3.1,4669414,0,0,26690,50353,132296,66431,4019862,373779,0
2017,9,v3.1,4342002,0,0,16959,44407,115516,15569,3800315,349234,0
2017,10,v3.1,6301925,99,113,33289,114147,199581,219034,5152794,582865,0
2017,11,v3.1,8930268,23825,14203,283864,519529,344803,700891,6315137,727251,0
2017,12,v3.1,11055773,236338,79448,1030732,694211,462338,989728,6812300,736267,8284
2018,1,v3.1,12365676,525255,212042,1216062,935495,470529,1130681,7028253,731457,75896
2018,2,v3.1,13090606,782305,233672,1219417,1207282,444966,1260882,6965851,733747,151736
2018,3,v3.1,13459005,936283,250542,1216006,1164013,492853,1485156,6995692,735029,59341
2018,4,v3.1,12808635,564738,100964,1202965,1050064,515581,1550091,7034410,733493,7548
2018,5,v3.1,11312415,79626,10841,1108977,900116,406922,1243706,6828356,727984,806
2018,6,v3.1,9579267,2467,1008,851786,573882,330355,833115,6340745,645539,366
2018,7,v3.1,7017339,0,0,289009,227735,227544,257247,5430595,585208,0
2018,8,v3.1,4666245,0,0,52681,35460,104971,2819,4071562,398749,0
2018,9,v3.1,4209176,0,0,14773,37483,126020,0,3629042,401856,0
2018,10,v3.1,5582587,0,204,53650,138477,319329,24839,4401533,644553,0
2018,11,v3.1,9288621,11213,14197,423663,603065,376600,655793,6465698,738387,0
2018,12,v3.1,11195011,141319,187875,1092833,786444,475756,852279,6898290,737099,13312