"","pc1","total.chinook","total.sockeye","total.coho","total.pink","total.chum","se.chinook","se.sockeye","se.coho","se.pink","se.chum","pws.chinook","pws.sockeye","pws.coho","pws.pink","pws.chum","kod.chinook","kod.sockeye","kod.coho","kod.pink","kod.chum","ci.chinook","ci.sockeye","ci.coho","ci.pink","ci.chum","chi.chinook","chi.sockeye","chi.coho","chi.pink","chi.chum","spen.chinook","spen.sockeye","spen.coho","spen.pink","spen.chum","sst.3"
"1965",-1.16338639273117,-0.295430427320604,-1.68692718879206,-0.98413325535049,-0.619843090328859,-0.724697233668409,0.521057812339537,-0.482291165071601,-0.816506494771889,-0.196203950051413,-0.452388131715436,-1.62996028352694,-1.35515413742278,-0.893841790013553,-1.17438759875155,-1.06912412647525,-0.686983582095631,-1.75979167781693,-0.541053070795354,0.100879249884444,0.12755809100124,-1.87800228916298,-0.819187431721076,0.249817672291203,1.03179670094152,1.42863830102521,-1.56941960947726,-1.80086210043384,-0.852435749877428,0.266073711778263,0.564448929440188,-1.06317941203741,-2.04276718914517,-1.34006488638814,-1.44421353387816,-1.35621379554404,5.5465833346049
"1966",-1.95438128718612,-0.295430427320604,-1.25518674650841,-1.57340884968186,-2.79553470611462,-2.09968568061657,0.25870702570704,-0.792103033592634,-1.43718954305298,-2.37535875146527,-1.96334204062108,-0.850096368535303,-0.987127321004717,-0.493873673859629,-1.19408492800129,-1.12907018238654,-0.528578231524501,-0.790806227169004,-1.96029990687935,-3.94626181120299,-0.3245011205029,-0.180646245591775,-1.04505663516186,-0.570136037376242,-1.55785370493471,-0.140246674585157,0.254503378296326,-0.582501074461317,-1.15882001371934,-1.04264683801867,-0.308776663940793,-0.787741648607214,-0.909416688031562,-1.74030760717019,-2.34196954056322,-1.09783477811493,5.19741666913033
"1967",-0.790195206306248,-0.241254073886457,-1.49830272371668,-0.437870478123601,-0.485293740405264,-0.575014947038609,0.378951136246936,-0.837663602492784,-0.40956860219025,0.0411825583033411,-0.528721612997444,-0.56538414560185,-0.457869708822548,-0.153031279224112,-1.2416868070215,-1.42466625119046,-1.06058110702754,-1.06093260599413,-0.676716371303383,-0.104010143993135,0.401253804088781,-0.843124701396701,-1.58714272341973,1.04295046622186,1.1736953533183,1.21175474066255,-0.902193544740877,-2.59679868309472,-2.10039116601399,0.718713901933592,1.0978063727962,-0.833302782407697,-0.563699691670646,-0.51582616762629,-0.483965173586829,0.250373684624149,5.42470833328035
"1968",-1.35722385759544,0.151524488511147,-0.760571482532972,-2.34333827585204,-1.10364819962859,-0.522800195888679,0.5538516606686,-1.22037238125405,-2.10308791273203,-1.85524224439587,-0.75098674967153,-0.590141730204756,-0.156438221089661,-1.94767082648867,-0.759102240402879,-0.599891206066231,-1.16967158430766,-0.590070110794371,-0.789769121726741,0.250517571255709,1.09010593590461,0.607271917821183,-1.69685062223382,-1.52419432572762,-2.32217144614601,0.301970454985448,-0.348318626137317,0.208988935112074,-0.731376601725257,0.946673997700225,0.899269532682608,-0.667625932224122,0.308108386109052,-1.05740088773494,-0.520546063502689,0.707505792383343,5.19465277658569
"1969",-1.16626165693729,-0.688208989718208,-1.59051912886465,-1.44867168007887,-0.90039279868018,-0.675963465928474,-0.167613002570762,-1.35705408795451,-1.67559760133314,-0.948372437197934,-0.34686831935501,-0.350818412376636,-0.94506711341408,-0.459093837672332,-1.14484160487695,-2.87164001456629,-0.945513069348515,-1.28892918261717,-0.556706528546281,0.213683522918167,0.714927542683487,0.262312721899091,-1.88399939079903,0.161691806298909,0.157830001075446,0.786437628782545,-1.98675792023901,-0.302366969949388,-0.838984733416075,0.717073901244624,-0.202778181507264,-1.1066695852106,-0.879354340521915,-0.492072890428543,-0.285818686542587,-0.19019566560754,5.45088889069027
"1970",-1.44752707161022,0.0567158700013845,-1.69950215313042,-1.45297296178932,-1.20098177191374,-1.21203491106776,0.685027053984843,-0.596192587321982,-1.34264841649361,-1.10040649311053,-0.80935941182836,-0.379702261080029,-0.524465037507722,-0.069559672374597,-0.463642301656786,-0.380778036183605,-1.26082938039105,-2.11169943738728,-1.36198996617727,-0.808461318448627,-1.01950371778137,-1.62712287394691,-1.39031384613562,-1.46672093486308,-1.48690437874633,0.913187761462017,-1.8502213123972,-2.20994682448301,-0.873359553261752,0.187353678707771,-1.80789805835786,-2.156646623249,-1.20703392837704,-0.830557090496448,-0.407754986262121,-1.5052786132916,5.35356944219934
"1971",-1.90851194287637,0.0838040467184578,-1.91327654688252,-1.02714607245497,-1.69910064184364,-1.88734569260686,0.728752185090264,-0.40028214105133,-0.446562956061306,-0.775000268174798,-0.89242820028231,-0.548879089199908,-1.62854548676191,-1.52683480862237,-3.92216502909022,-2.28044787695845,-1.51039252704557,-2.41899917109659,-1.60374892477492,-1.36787842757505,-1.34240315457004,-1.2194438242208,-1.80010511523532,-1.85753999274195,-0.887060075517211,0.138603617309683,-2.6565601473875,-0.600287366811279,-0.679067093264443,-1.33456696065508,-0.803436248630599,-1.85428637166398,-1.88944921684598,-1.21536018109996,-2.33892113307024,-3.52924758315297,5.28090277281072
"1972",-2.18904664276248,-0.688208989718208,-2.08513439284009,-1.78417165349381,-2.29455308405869,-2.24936796724638,0.051012652956313,-1.16569969857388,-1.5029572832682,-1.52983601946014,-1.76577303024412,-0.404459845682939,-0.94506711341408,-0.820804134020225,-1.36479511483237,-2.16468997588838,-2.60428608004621,-1.43266615483604,-2.76384407142691,-2.94483612202607,-2.78776253829076,-1.76040256328044,-2.20344297852242,-1.44756313790823,-0.938659585472404,1.17795470528136,-1.79869806415501,-1.12942956422271,-0.59537187972714,-2.07748727275784,-1.03225836943949,-3.29567496826107,-2.56284580106202,-1.31631160919039,-2.53554341636798,-2.6679841917226,4.92613888283571
"1973",-2.05084383107909,-1.40604567272073,-2.71388260975802,-1.21210118600423,-2.43769069036038,-1.50443751750737,-0.987459210797314,-3.20225712841065,-0.742517787029774,-1.85257498025705,-1.37063500949019,0.280499994997541,-1.40772939691107,-2.27460128664927,-2.43829955894317,-1.00090964905896,-1.28922279228587,-2.6395610767428,-1.751587136867,-1.30111671496325,0.112181927344637,-0.345285861827318,-1.77429149198494,-0.344074033309048,-1.17730731901517,0.414637239589423,-0.201477368647071,-2.10322907038322,-0.985451357106354,-1.35752697030064,-0.174175416406154,-0.657271129087649,-2.28627220397329,-1.13459903862762,-2.17125872095588,-0.647327773366734,4.82290277928114
"1974",-1.7851393296689,-0.755929431510909,-1.11267048400702,-2.45087031861324,-1.94243457255652,-1.15633917650783,-0.200406850899825,-1.44817522575481,-2.69910805843242,-2.07662516791771,-1.69617485613405,-0.363197204678091,-0.475394795318649,-2.12157000742516,-0.816552784047953,-0.610226732947487,-1.46406643395401,-0.974194777931015,-1.33590086992573,-1.19521882599282,0.604219164355944,0.132953023428308,-0.538464278873251,-0.141001385587671,0.170729878564243,1.60608848677647,-1.51274403641085,-0.0400191577874202,-0.0304291883503468,-1.39688698683588,0.0479166420260043,-1.88949270232799,-1.72410630554293,-3.68332568194595,-2.50658354518459,-1.77359528523721,5.12169444925255
"1975",-1.25586338274386,1.2350515571942,-0.651588458267198,-1.65943448389082,-1.19525626766167,-1.4104509654375,1.42835428277692,-0.263600434350874,-1.5276201858489,-1.75121894298198,-1.53677258639809,0.148459543782026,-0.577040296996019,-1.14773459418082,-1.09395683764845,-0.750789898532567,-0.355228979956093,-1.00393346183837,-1.33416159684229,0.128504786137599,0.238266469328782,0.540632073154417,-0.225474096962456,-0.301926880008388,0.164279939819844,0.676587513793667,-0.600782542524056,0.97824607924801,-0.300944074961986,-0.12424645219626,0.113534750199141,-1.59748725387943,-1.96460508562009,-3.07999244112316,-0.0815753845123691,-0.610889706806218,5.12326389087571
"1976",-1.2621147776225,0.584935315984367,-0.601288600913761,-1.50028706060424,-0.960510593326892,-1.56709521888729,1.00203425449912,-0.892336285172964,-1.2851016438053,-0.646971589511561,-1.51432156249162,-0.594267994305242,-1.52689998508454,-0.977313396863068,-0.803421231214793,-1.05258728346524,-0.697444312793725,-0.421550901986035,-1.21067320791832,-0.442422963094301,-0.859591615752695,0.129033032565556,0.132689925636493,-0.432199899301346,0.557726203228189,1.04557123337169,-0.876431920619782,0.546928489761389,-0.756784077263367,0.179153675262928,0.439942775470645,-0.680051695987891,-1.15592793761065,-1.90420521983465,-0.406230782515628,-0.786454936597793,5.43451388875643
"1977",-0.751298658258684,-0.254798162244988,-1.19650357959607,-0.46367816838629,-0.319254117095299,-0.783873951638329,0.400813701799641,-0.281824661910937,-0.220486349071507,-0.150860459691515,-0.910389019407489,-2.10448065508269,-2.00358233777841,-0.139119344749191,-1.11857849921063,-0.765259636166326,-1.52981959834203,-0.991542343543639,-0.789769121726741,0.432385684922323,0.610369629818585,0.0427932335850323,-1.31609967929079,-0.198474776452214,0.699624855604968,0.270987089219356,-0.175715744525974,-0.240114946724513,-0.659637847264712,0.5251938206353,0.651939740337705,0.044784523565248,-0.260069981823234,-0.170215984399061,0.486952612929957,0.694255586361339,5.41498611039585
"1978",-0.384758353573241,-0.823649873303598,-0.412664135838381,-0.386255097598228,-0.276312835204791,-0.230397589449067,-0.419032506426911,-0.199815637890661,-0.734296819502873,-0.913698003393305,-1.55922361030456,-0.532374032797971,-2.87282662798488,-0.125207410274273,0.0780342527110509,0.46053385195063,-0.888726245558864,-0.956847212318393,0.0102964966539422,0.149223938327468,0.908667204756689,-0.0669665105719952,-0.602998336999187,0.20767051899054,1.26076952636769,1.40328827448931,-0.021145999799399,-0.626966805336226,0.371606748105625,0.995874018369283,1.26101038543195,0.806898034409691,1.23402868940611,0.743097523854341,0.59364687518455,1.081824112505,5.67063888510068
"1979",-0.136715210433091,-0.105813190301079,-0.261764563778079,-0.536799957463903,-0.0873711948865547,-0.112044153509226,-0.342513526992426,-0.272712548130903,-0.952152458965772,-0.593626306735213,-1.12142864412834,0.953081043376569,-0.857441680933591,-0.0243458853311103,0.00745215623281738,0.150468045512953,-0.990344772340344,-0.223293009270347,0.00160013123676104,0.575117622230299,0.822560688279711,0.77975151578223,-0.686892612562904,0.196175840817634,1.08017124152452,1.81170536867872,0.72336493730027,0.84484888662328,0.494160453642389,0.600633852327853,0.969935187638294,0.690924239281188,0.611738095956464,0.606516179967291,0.714058971157589,1.44289222660466,5.63362499740389
"1980",0.119356558408866,0.286965372096537,0.333450414904233,-0.257216646284788,-0.0472926651220796,-0.474066428148743,-0.331582244216078,0.365135416471216,-0.573987952728288,-0.281556402493571,-1.24715437800459,1.15939424840081,0.737341190211348,0.222590951598706,0.273366101104301,-0.0707122297459254,-0.243149722476519,-0.295161495379784,-0.0992777076025422,0.0594409455047094,0.619595328012547,0.748391588880222,0.410186375578022,1.11191853525932,1.41556805623327,1.53848841601408,0.774888185542462,0.480229893449022,0.22364556703075,0.643273870241038,0.317119137095286,1.5835082696452,0.66885655622479,0.335728819912967,0.41836344433772,1.02551073691148,5.83056944641802
"1981",0.4237389979611,-0.715297166435293,0.475966677405631,0.689065330013761,-0.00148863110553721,-0.0667913691792864,-0.670452010283049,0.451700497381504,0.0919104169507625,0.00117359622108026,-0.0258186774924439,0.622979915337783,-0.903006905823446,0.91818767534466,0.268441768791866,0.0884548842254163,-0.117620954099397,-0.270379258790323,0.688612999194088,-0.184584624731506,-0.0661815710719619,-0.431525660807842,1.02003322486813,1.99317719518227,0.112680429864651,0.901921083001618,0.506967294683065,0.827062594273318,1.09796163701864,0.439913784808932,-0.359252131766284,0.630866381089643,0.78309347676144,0.57088626417067,0.610413116395986,0.985760118845464,5.83300000561608
"1982",0.165050195474554,-0.796561696586513,0.270575593212438,0.0567769185779144,-0.0301161523658755,-0.320903158108946,-0.998390493573672,-0.0403536467401343,-0.00674119337205988,0.507953782596394,-0.243593609385235,0.78390421525669,-0.145923169192002,-0.0139119344749206,-0.000755064287907255,0.117394359492933,-0.0757780313070226,0.222787249339951,0.0972601508257569,-0.74860598990012,-0.613572997247041,1.00711098582179,-0.0867258719916915,1.21537063881549,-0.303340619149092,0.93853778799791,-0.417875011264276,1.55630058062183,0.0667170416483073,-0.271846514203433,-1.10460653998936,0.336789972013798,0.653825382469968,0.212211778484678,0.035788303967682,0.690943034855837,5.81287500593397
"1983",0.501113151949402,-0.146445455376683,0.379558617478216,0.276142285810761,0.164550992204428,0.0828909174505145,-0.539276616966796,0.807072934802683,-0.0889508686410767,0.0198444451928015,-0.218897483088114,0.734389046050874,0.0538628168635194,0.792980265070387,0.307836427291345,0.369581215395579,-0.156475096692316,0.160831657866297,0.380761663425868,0.107785633947733,0.68109998263896,1.806789121823,0.748990180739189,1.01229799109411,0.0868806748870551,1.4652550060215,0.112814445630299,-0.489123039624007,0.44035638779698,-0.0406064170588631,0.391149823239338,0.181467924966697,0.551613400937176,0.671837692261098,0.97012520056861,1.0652613549775,5.91115278237396
"1984",0.639375321301116,0.300509460455068,0.559799772994687,0.882623006983922,0.47372822181609,-0.275650373779007,-0.123887871465351,0.301350620011002,0.498848309532405,0.886705290308473,-0.423201800637021,0.730262781950387,-0.103862961601364,1.65204221889664,0.416171738164914,0.491540432594399,-0.123598514498307,0.753127112354415,0.54251406018544,-0.283576129638651,0.00147354901709091,1.83030906699951,0.965179275461078,1.58703189973952,0.0868806748870551,0.392103882668628,-0.0391791366841664,0.626966805336226,0.797555602715111,-0.768766722960914,0.152232608865351,0.628795420462348,-0.178901643547193,0.367795744129927,0.334532238280541,0.720755998405351,6.07615278032091
"1985",0.795124802663201,-0.363150869113293,1.04184007263177,0.968648641192879,0.270472820867682,0.187320419750376,-0.932802796915545,0.210229482210701,1.00443781243687,0.748007555089964,-0.169505230493873,0.226858561691239,0.355294304596407,0.326930460160596,-0.146843589556808,0.441929903564371,0.901553093914859,0.13357119761789,0.147699070245409,0.192964370728299,0.985548023039707,1.35599017260663,1.88801630666198,1.85907261649834,1.09629608838551,1.25682145450414,1.09433232464405,0.902654336760662,0.477720322411848,0.226713695243017,0.694002630192279,0.796543231273216,0.0405534932732125,0.529318029074611,0.270515680927786,1.19113831218655,5.99520833260483
"1986",-0.187342069010467,-0.308974515679146,0.631057904245388,-0.192697420628066,-0.353607142607707,-1.15633917650783,-0.309719678663363,0.324130904461078,-0.40956860219025,-0.991048663419013,-0.739761237718293,0.239237353992693,-0.888986836626566,-1.00861524943163,0.52778993724677,-0.107920126518446,-2.57290388795192,0.574695008910298,0.248576909084712,-0.649614484992975,-4.71593346082882,1.2540704101751,1.4588648201245,1.00846643170314,-1.93517512148206,-1.20494778909273,0.285417327241641,-0.773703717223429,0.642121634717263,-0.46044659343482,-3.03445192651727,0.392705908950755,0.0615971365299655,0.504377088016976,-0.526642878488667,0.250373684624149,6.14558333158493
"1987",0.0609918892325419,0.937081613306355,0.530458189538518,0.129898707655527,-0.284901091582893,-0.682925432748464,0.75061475064297,1.06676817753355,-1.10012987445001,-0.892359890282765,-0.623015913404631,-0.416838637984394,-0.272103791963907,0.504307624715815,-0.120580483890489,-0.138926707162215,0.787979446335558,-0.223293009270347,0.591213706521657,0.40245802064807,-0.219943207637998,0.411272374683631,1.00712641324294,1.34564365810845,0.167504909192042,-0.0332132292113797,1.43696192545462,-0.0489123039624011,1.22798812947838,1.31895415409609,0.700732692569012,1.15689038042249,0.834199467527835,0.922434766697336,0.640897191325868,0.568378629152285,6.09906944135825
"1988",0.505487587975531,0.801640729720977,0.899323810130373,0.254635877258517,0.559610785597105,-0.383560859488865,0.630370640103074,1.09866057576365,0.227556381144645,1.04140661035988,-0.225632790260056,0.416666710313542,-0.629615556484312,0.323452476541869,0.316043647812071,-1.04638596733649,0.897069923615677,1.28842342268677,-3.00386375694111,-0.35494209829264,0.54886497519217,0.129033032565556,0.577974926705456,0.541016186004878,0.135255215470047,-0.238830111113634,0.202980130054134,1.09385697952277,0.129488451801284,-2.01680724726601,0.677177474250449,0.502466822197373,0.692906434232505,0.854737926683756,0.663760247523282,0.926134191746436,6.0520555516084
"1989",0.724413215965343,-0.620488547925519,0.853215607556391,0.779392245933171,0.425061435673513,-0.195587755349114,-1.26074128020617,1.01209549485337,0.700262013941502,0.337248877712077,0.156034616149988,0.697252669146509,0.348284269997968,0.643426969465006,0.818325543680428,-1.09392939099027,0.955351137505055,1.37763947440883,0.566863883353549,-0.486163395495133,-0.00467691644554976,0.638631844723191,-0.0125117051468651,1.16556036673288,-0.316240496637889,-0.269813476879728,1.5374322595269,0.907100909848155,0.547964519487798,0.110273646326248,0.55940138265764,0.506608743451962,0.653825382469968,0.664711709101774,0.0449335264466474,0.654504968295321,5.65719444519944
"1990",1.13799629961354,0.882905259872209,1.46100555057706,0.955744796061535,0.908866544973242,0.323078772740194,0.0400813701799651,1.51781780964505,0.893454750823695,1.0894173648586,0.614035503842043,0.239237353992693,0.379829425690946,0.946011544294499,0.695217235869557,0.0429785659478896,1.29457769014323,1.04060105679216,0.643391899024744,0.53598144587166,-0.195341345787432,0.834631387860746,1.82670895144234,0.939498362665694,-0.538763383319658,-1.19931444986253,2.19435367461484,0.137843765712218,0.704893044870241,0.648193872307942,0.12362984376424,1.03470370341211,1.17089775963586,0.681339003140197,0.912205458201831,0.32656236925068,5.38579167094495
"1991",1.06460723043296,-0.674664901359677,1.21788957336879,1.19661657184662,-0.0472926651220796,0.793011533089567,-1.37005410796971,1.87319024706623,1.1524152279211,0.42793585843187,0.883447790719722,1.01497500488384,0.44642475437612,0.89384179001355,-0.345458326158349,-0.0583095974884178,0.90753065431377,1.09264375363003,0.530339148601387,-1.0778102969169,0.109106694613315,0.720951652840962,0.955499166742187,1.04295046622186,-0.0743677937229219,-0.128979996124758,0.398768473374463,0.6892188285611,1.11440176824919,0.849913957051079,0.574544023005286,0.705420963672251,1.26108480216479,0.823858666326684,0.857334123328041,1.38989140251664,5.52219445440504
"1992",1.12624409938783,-0.349606780754762,0.614291285127574,0.994456331455568,0.714199400402934,0.911364969029408,-1.51216078406231,1.30368313581433,1.1359732928673,0.998730384138805,0.957536169611083,1.60915703535366,0.144993266643229,0.396490132535193,-0.632711044383717,-0.358039877044842,0.784990666136103,0.641607047701841,0.615563529689765,1.25194326043263,1.07472977224801,0.752311579742971,0.536027788923598,0.39158536975707,-0.345265220987686,0.538570702653798,0.777464347954572,0.595840793723786,0.917120193482686,0.892553974964261,0.953110031696464,1.20659343547756,0.530569757680423,0.49368811327799,0.8680035495535,1.04869859744999,5.53463889128632
"1993",1.23001633485099,-0.891370315096287,0.802915750202958,1.83750754670337,0.762866186545514,1.21421052569901,-1.39191667352241,0.73417602456244,1.92929665921333,0.998730384138805,1.30552704016142,1.3244448124202,0.152003301241668,1.70421197317759,0.690292903557122,0.557687804634437,0.551865810578589,1.11990421387844,0.573820975687295,-0.175376112647122,-0.302974491383653,0.187832895506824,0.348879020358382,1.42993796470977,0.786699028654356,-0.976797550269676,0.154033044224053,0.720344840173535,0.92160386563647,-0.0635664267044222,0.113534750199141,0.171113121830223,0.996536144079917,0.57088626417067,0.816180622172698,-0.0709438114094871,5.87787500321865
"1994",1.14557891798154,0.435950344040446,1.10890654910302,1.1406999096108,0.908866544973242,0.838264317419506,0.0619439357326707,1.61349500433537,0.971553942329263,0.793351045449862,1.00468331981468,1.16764677660178,1.18247838721225,1.5650926284284,0.0977315819607912,0.609365439040716,0.78648505623583,1.22894605487207,0.601649345022275,1.48215606254227,-0.361403913278747,0.0819931422125453,0.768350398176971,1.00846643170314,1.23174480201789,-1.48943142021776,0.143728394575614,0.964906359985537,1.05013580071161,1.04999404110525,0.300293981153455,0.405131672714522,0.121721831549254,0.587513558209093,1.19723155879624,-0.458512337553153,5.68486111429003
"1995",0.903321570046392,-0.376694957471836,0.895132155350919,0.783693527643617,0.565336289849175,1.09237610634917,-1.04211562467908,1.37202398916456,0.868791848242988,1.13742811935731,1.28532111864559,1.69993484556432,1.68019084370143,0.44170391957868,0.442434843831233,0.104991727235426,0.735675792845091,0.492913628165075,0.283362370753436,-1.02716348045278,-1.02565418324401,-0.698085039474913,0.790937318521048,0.464384998185489,-0.809660810584422,-1.58519818713115,0.555914380513147,-0.835955740448303,0.805028389638084,-0.649046672666207,0.162327702430448,0.0675650904654897,0.611738095956464,0.640958431904025,-0.127301496907193,-0.210070974640549,5.6648333410422
"1996",0.517536068804931,-1.05389937539874,0.220275735859005,-0.158287166944482,0.190315761338734,1.22813445933899,-1.85103055012928,0.205673425320685,0.0302531604989999,0.20922019904884,1.23592886605135,1.49774790464057,0.334264200801091,-2.13895992551881,0.435869067414652,0.863619400319613,0.770046765138826,0.889429413596452,0.763401741781848,0.126202658116504,0.392028105894818,0.258392731036342,-0.719159641625875,-0.727229972405988,1.1833702614349,-0.855680756820402,0.275112677593203,-0.231221800549532,0.31630812487562,0.416953775163372,0.22458077941522,0.0944875786203204,0.575663278944892,0.144514938471098,-0.0998658294702985,0.00855742472254695,5.37556944953071
"1997",0.814600945754254,-1.43313384943781,0.95381532226326,0.538520470148085,0.651218853630192,1.48572723167864,-1.27167256298252,-0.126918727650419,0.774250721683618,0.654653310231353,1.29879173298948,0.305257579600451,0.593635480943344,-0.855583970207525,0.511375496205321,1.3638589013724,0.513011667985671,1.15955579242158,0.846886849786787,0.819143192466515,0.748755102728015,-0.823524747082946,0.326292100014302,-0.589293834331089,0.677050069999572,-0.73174729375603,-0.0546361111568245,1.86311412365871,0.544975404718609,0.356273749671534,0.115217265793325,0.158687358066456,0.987517439827024,0.309600214995444,0.72930100862253,0.353062781294691,5.76693055397934
"1998",0.714229701102506,-0.620488547925519,0.136442640269945,0.727776865407794,1.07204341615717,0.716429898069668,-0.790696120822944,-0.0130173054000424,1.11953135781349,1.35347651460153,0.715065111421173,0.701378933246995,0.0573678341627371,-1.05730702009385,0.831457096513587,0.904961507844636,0.941901626607506,0.651519942337626,0.573820975687295,0.199870754791588,0.582692535236698,-0.506005487200112,-0.657852286406234,-1.05291252063838,-0.0969425793283206,-0.923280827582788,0.0767481718607647,0.773703717223425,0.305846223183458,0.913873983920854,0.478640634136855,-0.499878121413253,0.464432593159204,0.423615945544633,0.761309287298908,0.16093479397561,5.97037499646346
"1999",0.558953439587351,1.42466879421373,0.169975878505568,0.323456384625685,0.236119795355277,0.859150217879479,1.27531632390796,0.984759153513276,0.0179217092086466,-0.201538478329047,0.557907944075859,0.660116292242147,0.754866276707449,1.1094767743748,0.728046117952455,1.55196549061126,0.80591212753229,0.557347443297674,0.662523902942543,0.0203047691460702,-0.0631063383406429,0.050633215310537,-0.296461560900987,-0.0413808414224681,0.302953622824426,-0.393746939944102,-0.660034278002576,0.46244360109906,0.51358969964212,-0.0668464280823604,-0.466933129793997,0.303654601977083,-1.08077206883653,0.573261591890445,0.189732882363593,-0.027880641837969,5.92500000231796
"2000",0.642803188274144,1.83099144496988,-0.010265277010907,0.792296091064512,0.906003792847205,0.977503653819321,1.54859839331682,-0.846775716272813,0.946891039748556,1.18010434557839,0.948555760048494,1.01084874078336,0.754866276707449,0.552999395378033,0.657464021474222,1.08893388633099,0.782001885936647,0.155875210548405,0.817319207368372,0.699432535369502,0.699551379026884,0.599431936095681,0.287571665138741,-1.23299581201394,-0.87093522865621,-1.30071455600611,0.125695257690847,-0.240114946724513,0.555437306410771,0.713793899866686,-0.350839553795369,-0.468813712003834,-0.398356780367601,0.479436146959341,0.268991477181291,-0.388948755937623,5.79206945167647
"2001",0.736011241606741,2.88743033693585,0.660399487701556,0.886924288694368,0.43078693992558,0.859150217879479,2.43403229820148,0.410695985371366,0.918117653404401,0.726669441979425,0.971006783954967,0.602348594835359,1.03877267794424,0.966879446006875,0.215915557459227,0.512211486356911,1.06743039498463,1.01086237288481,0.973853784877636,0.632670822757707,0.665723818982357,1.26191039190061,0.687682825519549,0.0275872276149799,0.935047619775537,-0.061379925362373,-0.0958547097505779,-0.146736911887203,-0.0812441394265673,-1.39852698752485,-3.88916984836224,0.390634948323459,-0.374306902359885,0.450932214322044,-0.137970923132653,-0.0775689144204921,5.55359722607666
"2002",0.629343499800005,2.18313774229187,0.836448988438581,0.370770483440613,0.868788015208765,0.155991569060417,1.94212457326556,0.984759153513276,0.453632988134445,0.897374346863742,0.414221391074431,0.457929351318389,0.481474927368316,0.636471002227547,0.934868075074721,0.510144380980659,0.616124584866878,1.04060105679216,0.702527183861578,0.367926100331623,-0.475187524337611,1.24231043758685,0.971632681273671,-1.33644791557012,-0.438789332781472,-0.968347541424378,0.241622566235778,-1.00937209086045,0.402992453182113,0.0463136194564718,-1.79780296479276,-0.0152733346262976,0.584681983197783,0.22527608094344,0.307096570843644,-0.173632908080033,6.09038888712724
"2003",0.805671557737427,1.15378702704297,0.78195747630569,0.826706344748095,0.596826563235546,1.12370495703913,1.05669066838089,0.515485293841717,0.82768701060848,0.726669441979425,1.17306599911323,0.21860603349027,0.558585307951149,0.89384179001355,0.370211303248854,0.590761490654457,0.837294319626571,0.703562639175494,0.952982507876401,0.789215528192262,0.616520095281226,0.505352155389656,1.08134058008777,0.403080047929978,1.1801452920627,-1.23029781562862,-0.219510505531837,-0.057805450137382,-4.75173596628497,-3.76504798170652,-0.377759803302297,0.152474476184571,0.665850321473824,0.528130365214724,0.604316301410008,0.495502496031253,6.05009721716245
"2004",0.730016916712412,1.04543432017466,0.0819511281370576,0.646052512909282,1.1922790054506,0.751239732169624,0.89272142673557,0.146444685750488,0.782471689210519,1.03607208208225,0.786908387921887,0.643611235840206,0.919602089770771,0.678206805652306,1.03499616542756,1.03518914654846,0.731192622545907,-0.000252879965198172,0.792969384200263,1.12993047531453,0.0906552982253929,0.450472283311141,-0.0641389516476146,-0.137169826196704,0.899572956681341,-1.89221517517698,-0.487431396391234,-0.529142197411423,-1.35311247371665,-0.631006665087553,-0.201095665913082,0.135906791166214,0.359214376875449,0.272782635338935,0.832946863384134,-0.296197313783585,6.21640277571148
"2005",0.505522467271831,-1.44667793779634,0.597524666009764,0.42238586396599,0.184590257086667,0.921807919259395,-0.998390493573672,0.852633503702837,0.137125738348723,-0.841681871645235,0.748741647280882,-1.45253092720609,1.29463894078727,1.21033829931796,0.31276075960378,1.34732205836239,0.729698232446181,0.257482380565197,1.04516398129852,1.18057729177865,0.382802407700856,-0.0944064466112512,0.526347680204707,-0.317253117572264,0.580300988833585,-0.602180491461457,-1.16238594836394,-0.684772255473608,-0.229205320501441,-0.145566461152853,0.51565597720888,-0.0401248621538338,0.719962546991184,0.358294433250827,0.308620774590139,-0.0576936053874829,5.83565278351307
"2006",0.143437607721401,-1.13516390554997,-0.169548158630114,0.0610782002883599,1.04341589489683,0.886998085159442,-0.484620203085027,-2.06324290590686,0.108352352004568,0.716000385424156,0.811604514219008,-1.70423303733566,-0.0898428924044874,-0.0626037051371352,1.07767371213533,0.940102299240907,0.166313164848856,0.148440539571567,0.712962822362195,0.936551721542428,0.450457527789911,-0.768644875004431,0.129463222730195,-0.539483562248487,-1.46755456251313,-1.05284762987736,0.213284779702572,-1.05828439482285,0.17581973072372,1.0368740355935,0.663717349496985,0.22288713751259,0.608731861205499,0.298911240256458,0.663760247523282,1.00563542787847,5.60161111818419
"2007",0.315649101216258,-0.945546668530434,-0.0605651343643399,0.405180737124196,0.367806393152834,0.918326935849401,-0.604864313624923,-0.577968359761919,0.367312829101975,-0.481601212904878,0.793643695093829,-1.77025326294342,0.502505031163634,0.716464625458331,0.788779549805819,1.20882599815356,0.62210214526579,0.0914413954158074,0.584256614187911,-0.101708015972038,0.0998809964193525,-0.568725341004129,-0.115766198148364,-0.619946309458844,-0.851585412423015,-0.168413370736151,1.48848517369682,0.0133397192624734,0.688452913639699,1.1565940858882,1.26101038543195,0.48797009780631,0.269027334346514,0.505564751876863,1.03109335042838,-0.0775689144204921,5.35111112362809
"2008",0.235460116858581,0.571391227625836,-0.0773317534821496,0.379373046861512,0.530983264336767,0.77560661603959,0.717820902313906,-1.07913461766359,0.548174114693818,0.526624631568118,0.914879224188783,-0.701550860917847,0.562090325250366,-0.198245066267598,0.192935340001199,0.437795692811867,0.776024325537737,-0.106816497299881,0.554688971769495,1.04475173853396,0.253642632985388,-0.490325523749106,0.203677389575024,-0.811524279007315,-0.0388931306287265,-1.04721429064716,0.980981178511228,0.28902725068691,0.441850945181575,0.781033928114398,0.700732692569012,0.411344554596407,-0.127795652780796,0.555446633992133,0.717107378650577,0.22718582408564,5.07365278601646
"2009",0.511853114355545,-0.837193961662129,0.928665393586542,0.379373046861512,0.674120870638461,1.08193315611918,-0.287857113110658,0.0052069221600202,0.511179760822759,0.00117359622108026,1.05407557240892,-1.51855115281384,1.40329447706308,0.0626037051371352,1.15810447323844,1.07653125407349,0.632562875963883,0.383871787171448,0.493814413849226,-0.0924995038876512,0.321297753074441,-2.81096011449772,1.08779398590036,-0.321084676963234,-1.08378320722138,-0.162780031505952,0.331788250659614,1.43179653417209,0.679485569332131,0.0282736118778186,0.367594604920775,0.469331452160658,0.407314132890881,0.344042466932178,-0.772039681674228,-0.422074270992639,5.25015278624164
"2010",0.521423675049917,-1.20288434734266,0.584949701671405,0.0653794819988093,0.771454442923616,1.11674299021914,-0.987459210797314,-0.532407790861768,0.313876540177114,1.03607208208225,1.0675461867528,-1.77025326294342,1.49442492684279,0.00347798361872784,0.604937810141583,1.10753783471725,1.17203770196556,0.369002445217771,0.229444905166913,0.53598144587166,0.201363676552936,-1.48600320288787,0.381146049421349,-1.78857192370451,-1.53850388870152,-0.796530694903315,0.0844766590970937,0.800383155748372,0.205710878415613,0.46615379583243,0.295246434370907,0.345073814522977,0.470445062661135,0.30722488727567,0.412266629351744,0.187435206019621,5.43519444962342
"2011",-0.230273868286019,1.41112470585519,0.5053082608618,-0.20990254746986,0.0872566848015126,0.0724479672205281,1.73443020051483,-0.473179051291572,0.128904770821822,-0.148193195552697,0.452388131715436,-1.56806632201966,0.82146160539262,-0.799936232307849,0.460490728976826,0.276561473464275,0.263448521331154,0.520174088413483,0.307712193921545,0.549794213998238,-0.942622899498354,-1.72904263637844,0.168183657605758,-1.43990001912629,-0.74838639251263,-0.82188072143921,1.31072996726126,1.36065136477223,-0.335318894807665,-0.875366767743872,-0.458520551823082,0.419628397105585,0.608731861205499,0.0423758465207822,-1.12413074711438,-0.730141561004271,5.41647223101722
"2012",1.09595472358298,1.20796338047712,0.434050129611103,1.05897555711229,1.59592705522138,0.893960051979432,0.783408598972033,0.592938260971972,1.23462490319012,1.58286123053983,0.984477398298851,-0.330187091874213,1.32968911377947,0.952967511531957,1.32060743954879,0.723056234734531,0.241032669835239,0.772952901625984,0.499032233099535,1.06316876270273,0.164460883777086,-0.294325980611555,0.0455689471664774,0.0812290590885521,0.770574181793359,0.056920198471801,1.35452472826712,-1.25393361067245,-0.356242698191989,0.438273784119965,-0.0177014661471341,2.17166108779689,0.0195098500164622,0.642146095763913,0.707962156171613,-0.302822416794587,5.35418056150277
"2013",NA,NA,0.790340785864599,1.08048196566453,0.5252577600847,NA,NA,0.415252042261383,1.19763054931906,0.497284726041126,NA,NA,1.3717493213701,0.88340783915736,0.819966987784573,NA,NA,0.720910204788116,0.923414865457984,0.0916707378000572,NA,NA,0.190770577949835,-1.01459692672869,-0.425889455292673,NA,NA,0.51580247814895,0.559920978564555,-0.20624648664469,NA,NA,1.07770448235596,0.646896751203463,-0.868064517703361,NA,5.46230556203259
"2014",NA,NA,NA,0.16861024304956,1.40412266277711,NA,NA,NA,0.182341059746684,0.430603122570688,NA,NA,NA,-0.688640756508496,1.38626520371458,NA,NA,NA,0.819058480451808,1.22201559615838,NA,NA,NA,-0.232958810970936,2.30888457233255,NA,NA,NA,0.249053042568859,1.02211402939278,NA,NA,NA,0.589888885928868,1.21094939251469,NA,6.1944027794732
